,Accuracy,Accuracy_SD,Precision_case,Precision_case_SD,Precision_control,Precision_control_SD,Recall_case,Recall_case_SD,Recall_control,Recall_control_SD,F1score,F1score_SD,AUC,AUC_SD
glmboost_lightgbm,0.79363,0.03333,0.80954,0.04694,0.78038,0.04699,0.76828,0.04898,0.81897,0.04479,0.79338,0.0238,0.87022,0.02941
glmboost_rf,0.81143,0.03232,0.82253,0.04542,0.8014,0.04582,0.79427,0.04718,0.82721,0.04413,0.81101,0.02302,0.88154,0.02852
glmboost_xgbTree,0.79287,0.03353,0.80903,0.04707,0.77948,0.04736,0.76813,0.04932,0.81762,0.04499,0.79265,0.0241,0.88121,0.02758
glmnet_lightgbm,0.79635,0.03329,0.81946,0.04656,0.77763,0.04699,0.7614,0.04971,0.8313,0.04361,0.79596,0.0237,0.87608,0.02847
glmnet_rf,0.81963,0.03179,0.83217,0.04454,0.80889,0.04506,0.80107,0.04653,0.83681,0.04319,0.81918,0.0223,0.88854,0.02749
glmnet_xgbTree,0.79703,0.03318,0.80616,0.0467,0.78995,0.04682,0.78328,0.04791,0.81079,0.04554,0.79687,0.02338,0.87924,0.02803
