,Accuracy,Accuracy_SD,Precision_case,Precision_case_SD,Precision_control,Precision_control_SD,Recall_case,Recall_case_SD,Recall_control,Recall_control_SD,F1score,F1score_SD,AUC,AUC_SD
glmboost_lightgbm,0.79493,0.03339,0.8118,0.04679,0.7813,0.04715,0.76963,0.04913,0.82024,0.04468,0.79467,0.02348,0.87056,0.02931
glmboost_rf,0.80386,0.03281,0.81811,0.04608,0.7915,0.04645,0.78194,0.04819,0.82439,0.04439,0.80337,0.02313,0.88166,0.02834
glmboost_xgbTree,0.79698,0.03323,0.81293,0.04665,0.7834,0.04698,0.77234,0.04893,0.82165,0.0446,0.79679,0.0234,0.87628,0.0284
glmnet_lightgbm,0.79151,0.03358,0.8033,0.04721,0.78145,0.04753,0.77361,0.04893,0.80934,0.04572,0.79135,0.02379,0.87337,0.02881
glmnet_rf,0.81895,0.0318,0.82733,0.04464,0.81155,0.04511,0.80656,0.04608,0.82854,0.04398,0.8182,0.02238,0.88697,0.02786
glmnet_xgbTree,0.81007,0.03229,0.81977,0.04534,0.80167,0.04578,0.79572,0.0469,0.82447,0.04417,0.80997,0.02297,0.88372,0.02786
