,Accuracy,Accuracy_SD,Precision_case,Precision_case_SD,Precision_control,Precision_control_SD,Recall_case,Recall_case_SD,Recall_control,Recall_control_SD,F1score,F1score_SD,AUC,AUC_SD
glmboost_lightgbm,0.79902,0.0331,0.81154,0.04641,0.78844,0.04691,0.78048,0.04836,0.81617,0.04505,0.79855,0.02372,0.87504,0.0289
glmboost_rf,0.82578,0.0313,0.84015,0.04362,0.81343,0.04452,0.80517,0.04613,0.84229,0.04247,0.82465,0.0224,0.89622,0.02573
glmboost_xgbTree,0.81,0.0324,0.82068,0.04546,0.80087,0.04593,0.79418,0.04716,0.82576,0.04417,0.80986,0.02313,0.88344,0.02759
glmnet_lightgbm,0.8059,0.03267,0.81957,0.04571,0.79477,0.04626,0.78594,0.04782,0.8258,0.04409,0.8057,0.02321,0.88518,0.02736
glmnet_rf,0.82989,0.03103,0.84528,0.04313,0.81609,0.04431,0.80797,0.04601,0.84494,0.04217,0.82814,0.02206,0.89344,0.02684
glmnet_xgbTree,0.80725,0.03263,0.81685,0.04585,0.7989,0.04622,0.7929,0.04736,0.82161,0.04468,0.80716,0.02295,0.88844,0.02672
