,Accuracy,Accuracy_SD,Precision_case,Precision_case_SD,Precision_control,Precision_control_SD,Recall_case,Recall_case_SD,Recall_control,Recall_control_SD,F1score,F1score_SD,AUC,AUC_SD
glmboost_lightgbm,0.80517,0.0327,0.81319,0.04609,0.79847,0.04621,0.79283,0.04719,0.81747,0.04505,0.80505,0.02338,0.88116,0.02787
glmboost_rf,0.81754,0.03193,0.82282,0.04483,0.8132,0.04533,0.81069,0.04584,0.81885,0.04488,0.81613,0.02306,0.88868,0.02743
glmboost_xgbTree,0.78942,0.0337,0.79456,0.0475,0.78534,0.04766,0.78193,0.04823,0.79692,0.04687,0.78932,0.024,0.88239,0.02734
glmnet_lightgbm,0.79766,0.03317,0.80591,0.04679,0.79082,0.04685,0.78468,0.04787,0.81069,0.04569,0.79754,0.02361,0.87238,0.02878
glmnet_rf,0.80997,0.0324,0.82256,0.04542,0.79978,0.04587,0.79138,0.0473,0.82844,0.04388,0.80974,0.023,0.89408,0.0263
glmnet_xgbTree,0.80176,0.03293,0.8037,0.04638,0.80053,0.04663,0.79971,0.04677,0.80382,0.04622,0.80171,0.0237,0.88316,0.02734
