,Accuracy,Accuracy_SD,Precision_case,Precision_case_SD,Precision_control,Precision_control_SD,Recall_case,Recall_case_SD,Recall_control,Recall_control_SD,F1score,F1score_SD,AUC,AUC_SD
glmboost_lightgbm,0.7037,0.03588,0.71429,0.05148,0.69412,0.04998,0.67901,0.05187,0.72839,0.04942,0.70352,0.02576,0.80399,0.03411
glmboost_rf,0.74074,0.03443,0.76712,0.04947,0.7191,0.04764,0.69136,0.05133,0.79012,0.04525,0.74011,0.02456,0.80658,0.03426
glmboost_xgbTree,0.69136,0.03629,0.71233,0.05298,0.67416,0.04968,0.64198,0.05327,0.74074,0.04869,0.6906,0.02541,0.79165,0.03474
glmnet_lightgbm,0.7716,0.03298,0.78947,0.04676,0.75581,0.04633,0.74074,0.04869,0.80247,0.04424,0.77139,0.02342,0.83272,0.03211
glmnet_rf,0.7284,0.03495,0.75342,0.05045,0.70787,0.0482,0.67901,0.05187,0.76543,0.04708,0.7249,0.02548,0.79843,0.03479
glmnet_xgbTree,0.7037,0.03588,0.72,0.05185,0.68966,0.0496,0.66667,0.05238,0.74074,0.04869,0.7033,0.026,0.80415,0.03387
