,Accuracy,Accuracy_SD,Precision_case,Precision_case_SD,Precision_control,Precision_control_SD,Recall_case,Recall_case_SD,Recall_control,Recall_control_SD,F1score,F1score_SD,AUC,AUC_SD
glmboost_lightgbm,0.7716,0.03298,0.78947,0.04676,0.75581,0.04633,0.74074,0.04869,0.80247,0.04424,0.77139,0.02281,0.84164,0.03139
glmboost_rf,0.7284,0.03495,0.74667,0.05022,0.71264,0.04852,0.69136,0.05133,0.76543,0.04708,0.72802,0.02519,0.8078,0.03425
glmboost_xgbTree,0.74074,0.03443,0.73494,0.04845,0.74684,0.04892,0.75309,0.04791,0.72839,0.04942,0.7407,0.02403,0.83029,0.03162
glmnet_lightgbm,0.76543,0.03329,0.77922,0.04727,0.75294,0.04678,0.74074,0.04869,0.79012,0.04525,0.76529,0.02358,0.82526,0.03296
glmnet_rf,0.7716,0.03298,0.78205,0.04675,0.7619,0.04647,0.75309,0.04791,0.79012,0.04525,0.77153,0.02399,0.82213,0.03293
glmnet_xgbTree,0.74074,0.03443,0.76,0.04932,0.72414,0.04792,0.7037,0.05074,0.77778,0.04619,0.74038,0.0238,0.80636,0.03399
