,Accuracy,Accuracy_SD,Precision_case,Precision_case_SD,Precision_control,Precision_control_SD,Recall_case,Recall_case_SD,Recall_control,Recall_control_SD,F1score,F1score_SD,AUC,AUC_SD
glmboost_lightgbm,0.81411,0.03209,0.82689,0.04489,0.80402,0.04537,0.79553,0.04683,0.83272,0.04338,0.81392,0.02288,0.89001,0.02695
glmboost_rf,0.82028,0.03158,0.83095,0.04442,0.8115,0.04461,0.80379,0.04591,0.83537,0.04322,0.8198,0.02227,0.89383,0.02651
glmboost_xgbTree,0.80451,0.03275,0.81274,0.04597,0.79769,0.04644,0.79287,0.04733,0.81619,0.04502,0.80439,0.02309,0.88767,0.02668
glmnet_lightgbm,0.81272,0.03222,0.82469,0.04507,0.80268,0.04573,0.79557,0.04707,0.82995,0.04368,0.81259,0.02286,0.88134,0.0279
glmnet_rf,0.84154,0.03016,0.8551,0.04182,0.82986,0.04307,0.82296,0.04449,0.85325,0.04119,0.83977,0.02169,0.9058,0.02475
glmnet_xgbTree,0.80176,0.03285,0.81243,0.0463,0.79214,0.04648,0.78457,0.04785,0.81893,0.04487,0.80166,0.02357,0.89041,0.02624
