,Accuracy,Accuracy_SD,Precision_case,Precision_case_SD,Precision_control,Precision_control_SD,Recall_case,Recall_case_SD,Recall_control,Recall_control_SD,F1score,F1score_SD,AUC,AUC_SD
glmboost_lightgbm,0.75926,0.03359,0.78378,0.04785,0.73864,0.04684,0.71605,0.0501,0.80247,0.04424,0.75881,0.02381,0.82274,0.03268
glmboost_rf,0.72222,0.03519,0.74324,0.05078,0.70455,0.04864,0.67901,0.05187,0.76543,0.04708,0.7217,0.02491,0.77519,0.03699
glmboost_xgbTree,0.75309,0.03388,0.75949,0.04809,0.74699,0.04772,0.74074,0.04869,0.76543,0.04708,0.75305,0.02405,0.81702,0.03354
glmnet_lightgbm,0.76543,0.03329,0.77922,0.04727,0.75294,0.04678,0.74074,0.04869,0.79012,0.04525,0.76529,0.02321,0.81215,0.03419
glmnet_rf,0.73457,0.03469,0.74359,0.04944,0.72619,0.04865,0.71605,0.0501,0.75309,0.04791,0.73448,0.0252,0.80277,0.03452
glmnet_xgbTree,0.70988,0.03566,0.7125,0.0506,0.70732,0.05025,0.7037,0.05074,0.71605,0.0501,0.70987,0.02543,0.79614,0.03427
