,Accuracy,Accuracy_SD,Precision_case,Precision_case_SD,Precision_control,Precision_control_SD,Recall_case,Recall_case_SD,Recall_control,Recall_control_SD,F1score,F1score_SD,AUC,AUC_SD
glmboost_lightgbm,0.7716,0.03298,0.78947,0.04676,0.75581,0.04633,0.74074,0.04869,0.80247,0.04424,0.77139,0.02307,0.803,0.03607
glmboost_rf,0.77778,0.03266,0.76471,0.04601,0.79221,0.04624,0.80247,0.04424,0.75309,0.04791,0.77764,0.02352,0.82175,0.03393
glmboost_xgbTree,0.76543,0.03329,0.77215,0.04719,0.75904,0.04694,0.75309,0.04791,0.77778,0.04619,0.7654,0.02319,0.81085,0.03409
glmnet_lightgbm,0.78395,0.03233,0.80263,0.04566,0.76744,0.04556,0.75309,0.04791,0.81481,0.04316,0.78374,0.02396,0.79515,0.03669
glmnet_rf,0.74074,0.03443,0.74684,0.04892,0.73494,0.04845,0.72839,0.04942,0.75309,0.04791,0.7407,0.02387,0.8062,0.03517
glmnet_xgbTree,0.75926,0.03359,0.75,0.04725,0.76923,0.04771,0.77778,0.04619,0.74074,0.04869,0.75918,0.02366,0.81131,0.03407
