,Accuracy,Accuracy_SD,Precision_case,Precision_case_SD,Precision_control,Precision_control_SD,Recall_case,Recall_case_SD,Recall_control,Recall_control_SD,F1score,F1score_SD,AUC,AUC_SD
glmboost_lightgbm,0.77778,0.03266,0.8,0.04619,0.75862,0.04588,0.74074,0.04869,0.81481,0.04316,0.77747,0.02352,0.83417,0.03154
glmboost_rf,0.73457,0.03469,0.73171,0.04893,0.7375,0.04919,0.74074,0.04869,0.72839,0.04942,0.73456,0.02501,0.80163,0.03506
glmboost_xgbTree,0.7716,0.03298,0.78205,0.04675,0.7619,0.04647,0.75309,0.04791,0.79012,0.04525,0.77153,0.0235,0.84027,0.03078
glmnet_lightgbm,0.75926,0.03359,0.76923,0.04771,0.75,0.04725,0.74074,0.04869,0.77778,0.04619,0.75918,0.02483,0.81817,0.03282
glmnet_rf,0.74691,0.03416,0.75,0.04841,0.7439,0.0482,0.74074,0.04869,0.75309,0.04791,0.7469,0.0236,0.82327,0.03252
glmnet_xgbTree,0.75926,0.03359,0.7625,0.04758,0.7561,0.04742,0.75309,0.04791,0.76543,0.04708,0.75925,0.02479,0.83272,0.03172
