,Accuracy,Accuracy_SD,Precision_case,Precision_case_SD,Precision_control,Precision_control_SD,Recall_case,Recall_case_SD,Recall_control,Recall_control_SD,F1score,F1score_SD,AUC,AUC_SD
glmboost_lightgbm,0.79561,0.03331,0.81214,0.04691,0.7825,0.04687,0.76956,0.04891,0.82165,0.04467,0.79528,0.02385,0.87706,0.02843
glmboost_rf,0.83059,0.03101,0.84247,0.04336,0.82029,0.04407,0.81347,0.04541,0.84361,0.04241,0.82948,0.02231,0.90016,0.02558
glmboost_xgbTree,0.799,0.03312,0.80744,0.0465,0.79303,0.0468,0.78737,0.04767,0.80927,0.04564,0.79844,0.02358,0.89135,0.02595
glmnet_lightgbm,0.80318,0.03284,0.81778,0.04614,0.79093,0.0464,0.78057,0.04818,0.82578,0.04425,0.80298,0.02334,0.879,0.02842
glmnet_rf,0.82715,0.03122,0.84832,0.04285,0.80989,0.04456,0.79833,0.04677,0.85323,0.04102,0.82627,0.02272,0.9006,0.02578
glmnet_xgbTree,0.81755,0.03192,0.8218,0.0449,0.81449,0.04518,0.81204,0.0456,0.82306,0.04445,0.81746,0.02248,0.88926,0.02688
