,Accuracy,Accuracy_SD,Precision_case,Precision_case_SD,Precision_control,Precision_control_SD,Recall_case,Recall_case_SD,Recall_control,Recall_control_SD,F1score,F1score_SD,AUC,AUC_SD
glmboost_lightgbm,0.79286,0.0335,0.79956,0.04733,0.78707,0.04731,0.78183,0.04818,0.80382,0.04639,0.79276,0.02382,0.86575,0.0299
glmboost_rf,0.81001,0.03245,0.8217,0.0455,0.80056,0.04591,0.79287,0.04725,0.82711,0.04409,0.80983,0.02293,0.8854,0.02779
glmboost_xgbTree,0.80661,0.0326,0.81573,0.04586,0.79922,0.04608,0.79281,0.04716,0.82034,0.0447,0.80645,0.02302,0.88294,0.02715
glmnet_lightgbm,0.79768,0.03319,0.80507,0.04681,0.79113,0.04696,0.78598,0.04789,0.80936,0.04583,0.7976,0.02354,0.87167,0.02929
glmnet_rf,0.81687,0.03196,0.82481,0.04489,0.80999,0.04531,0.80519,0.04622,0.8258,0.04426,0.81615,0.02271,0.89384,0.02625
glmnet_xgbTree,0.79221,0.03346,0.79431,0.04733,0.79077,0.04721,0.78881,0.04749,0.79564,0.04702,0.79215,0.02412,0.88335,0.02721
