,Accuracy,Accuracy_SD,Precision_case,Precision_case_SD,Precision_control,Precision_control_SD,Recall_case,Recall_case_SD,Recall_control,Recall_control_SD,F1score,F1score_SD,AUC,AUC_SD
glmboost_lightgbm,0.75309,0.03388,0.75949,0.04809,0.74699,0.04772,0.74074,0.04869,0.76543,0.04708,0.75305,0.02401,0.81344,0.0345
glmboost_rf,0.80247,0.03128,0.81818,0.04395,0.78824,0.04431,0.77778,0.04619,0.81481,0.04316,0.79939,0.02277,0.82114,0.03415
glmboost_xgbTree,0.74691,0.03416,0.76316,0.04877,0.73256,0.04773,0.71605,0.0501,0.77778,0.04619,0.74667,0.02386,0.78418,0.03641
glmnet_lightgbm,0.74691,0.03416,0.7439,0.0482,0.75,0.04841,0.75309,0.04791,0.74074,0.04869,0.7469,0.02397,0.79073,0.03671
glmnet_rf,0.7284,0.03495,0.72839,0.04942,0.72839,0.04942,0.72839,0.04942,0.72839,0.04942,0.72839,0.02462,0.80537,0.03465
glmnet_xgbTree,0.73457,0.03469,0.74359,0.04944,0.72619,0.04865,0.71605,0.0501,0.75309,0.04791,0.73448,0.02471,0.79089,0.03582
