,Accuracy,Accuracy_SD,Precision_case,Precision_case_SD,Precision_control,Precision_control_SD,Recall_case,Recall_case_SD,Recall_control,Recall_control_SD,F1score,F1score_SD,AUC,AUC_SD
glmboost_lightgbm,0.7956,0.03313,0.80294,0.04665,0.79006,0.04681,0.78461,0.04764,0.8066,0.04572,0.79543,0.02344,0.86735,0.02965
glmboost_rf,0.81821,0.03179,0.83779,0.04406,0.80146,0.0453,0.79013,0.04748,0.84496,0.04202,0.8177,0.02247,0.89442,0.02632
glmboost_xgbTree,0.80933,0.03237,0.81452,0.04571,0.80575,0.04555,0.80112,0.04621,0.81754,0.045,0.80921,0.02303,0.88973,0.02611
glmnet_lightgbm,0.80384,0.03274,0.80834,0.0462,0.80028,0.04626,0.79696,0.0468,0.81075,0.04561,0.80375,0.02321,0.87892,0.02798
glmnet_rf,0.81961,0.03181,0.83602,0.04437,0.80532,0.04524,0.79562,0.04712,0.83948,0.04288,0.81846,0.023,0.897,0.0258
glmnet_xgbTree,0.79699,0.03318,0.80761,0.04672,0.78813,0.04689,0.7805,0.04818,0.81338,0.04534,0.79682,0.02322,0.88353,0.02681
