,Accuracy,Accuracy_SD,Precision_case,Precision_case_SD,Precision_control,Precision_control_SD,Recall_case,Recall_case_SD,Recall_control,Recall_control_SD,F1score,F1score_SD,AUC,AUC_SD
glmboost_lightgbm,0.73457,0.03469,0.75,0.04967,0.72093,0.04837,0.7037,0.05074,0.76543,0.04708,0.73431,0.02529,0.80834,0.03335
glmboost_rf,0.75926,0.03359,0.7561,0.04742,0.7625,0.04758,0.76543,0.04708,0.75309,0.04791,0.75925,0.02359,0.80758,0.03486
glmboost_xgbTree,0.69136,0.03629,0.70667,0.05257,0.67816,0.05009,0.65432,0.05284,0.72839,0.04942,0.69093,0.02642,0.79813,0.03457
glmnet_lightgbm,0.73457,0.03469,0.74359,0.04944,0.72619,0.04865,0.71605,0.0501,0.75309,0.04791,0.73448,0.02483,0.79569,0.03475
glmnet_rf,0.7284,0.03495,0.72839,0.04942,0.72839,0.04942,0.72839,0.04942,0.72839,0.04942,0.72839,0.02423,0.78433,0.03576
glmnet_xgbTree,0.77778,0.03266,0.78481,0.04624,0.77108,0.04612,0.76543,0.04708,0.79012,0.04525,0.77774,0.02293,0.81657,0.034
