,Accuracy,Accuracy_SD,Precision_case,Precision_case_SD,Precision_control,Precision_control_SD,Recall_case,Recall_case_SD,Recall_control,Recall_control_SD,F1score,F1score_SD,AUC,AUC_SD
glmboost_lightgbm,0.7929,0.03342,0.81245,0.04707,0.77634,0.0471,0.76142,0.04958,0.82441,0.04439,0.79261,0.02368,0.87413,0.02883
glmboost_rf,0.8196,0.03174,0.83439,0.04428,0.8074,0.04504,0.79833,0.04669,0.84089,0.04255,0.8194,0.02273,0.88532,0.02787
glmboost_xgbTree,0.80452,0.03273,0.8114,0.04608,0.79863,0.04633,0.79424,0.04714,0.81484,0.04523,0.80444,0.02309,0.88538,0.02743
glmnet_lightgbm,0.80178,0.03295,0.81456,0.04632,0.79039,0.04668,0.78185,0.04826,0.82167,0.04467,0.80166,0.02334,0.87148,0.02962
glmnet_rf,0.8148,0.03207,0.83301,0.04456,0.79991,0.04552,0.78868,0.04755,0.83811,0.04276,0.81387,0.02282,0.88932,0.02729
glmnet_xgbTree,0.80451,0.03278,0.81436,0.04603,0.79632,0.04642,0.79014,0.04754,0.81884,0.04485,0.80437,0.02341,0.87909,0.02803
