,Accuracy,Accuracy_SD,Precision_case,Precision_case_SD,Precision_control,Precision_control_SD,Recall_case,Recall_case_SD,Recall_control,Recall_control_SD,F1score,F1score_SD,AUC,AUC_SD
glmboost_lightgbm,0.79976,0.03302,0.80539,0.04675,0.79535,0.04651,0.79018,0.04727,0.80936,0.0459,0.79964,0.02369,0.86664,0.02989
glmboost_rf,0.82372,0.03147,0.83482,0.04404,0.81451,0.04464,0.8079,0.04587,0.83813,0.04294,0.82324,0.02244,0.89195,0.02709
glmboost_xgbTree,0.81137,0.03231,0.80894,0.04567,0.81461,0.04561,0.81617,0.04519,0.80656,0.04603,0.81129,0.0229,0.88286,0.02782
glmnet_lightgbm,0.79086,0.03359,0.79843,0.04736,0.78483,0.04742,0.77922,0.04834,0.80255,0.04637,0.79073,0.02396,0.86177,0.03046
glmnet_rf,0.82511,0.03143,0.83519,0.04399,0.81619,0.04469,0.81067,0.04581,0.83541,0.04326,0.82401,0.0225,0.89462,0.02676
glmnet_xgbTree,0.80453,0.03279,0.81467,0.04618,0.7958,0.04636,0.7887,0.04762,0.82034,0.04485,0.80441,0.02318,0.88143,0.02774
