,Accuracy,Accuracy_SD,Precision_case,Precision_case_SD,Precision_control,Precision_control_SD,Recall_case,Recall_case_SD,Recall_control,Recall_control_SD,F1score,F1score_SD,AUC,AUC_SD
glmboost_lightgbm,0.71605,0.03543,0.74648,0.05163,0.69231,0.04838,0.65432,0.05284,0.77778,0.04619,0.71496,0.02564,0.77961,0.0366
glmboost_rf,0.74074,0.03443,0.75325,0.04913,0.72941,0.04819,0.71605,0.0501,0.75309,0.04791,0.73762,0.02413,0.80384,0.03432
glmboost_xgbTree,0.75309,0.03388,0.76623,0.04823,0.74118,0.04751,0.72839,0.04942,0.76543,0.04708,0.74997,0.02435,0.81863,0.0328
glmnet_lightgbm,0.71605,0.03543,0.72152,0.05043,0.71084,0.04976,0.7037,0.05074,0.72839,0.04942,0.71601,0.02482,0.78738,0.03577
glmnet_rf,0.74691,0.03416,0.75641,0.0486,0.7381,0.04797,0.72839,0.04942,0.75309,0.04791,0.74383,0.02309,0.80117,0.03445
glmnet_xgbTree,0.74691,0.03416,0.77027,0.0489,0.72727,0.04748,0.7037,0.05074,0.79012,0.04525,0.74644,0.02452,0.80613,0.03485
