,Accuracy,Accuracy_SD,Precision_case,Precision_case_SD,Precision_control,Precision_control_SD,Recall_case,Recall_case_SD,Recall_control,Recall_control_SD,F1score,F1score_SD,AUC,AUC_SD
glmboost_lightgbm,0.75926,0.03359,0.77632,0.0478,0.74419,0.04705,0.72839,0.04942,0.79012,0.04525,0.75903,0.02382,0.78136,0.03774
glmboost_rf,0.71605,0.03543,0.72152,0.05043,0.71084,0.04976,0.7037,0.05074,0.72839,0.04942,0.71601,0.02502,0.76033,0.03786
glmboost_xgbTree,0.74691,0.03416,0.77778,0.049,0.72222,0.04721,0.69136,0.05133,0.80247,0.04424,0.74613,0.0244,0.81779,0.03398
glmnet_lightgbm,0.75926,0.03359,0.77632,0.0478,0.74419,0.04705,0.72839,0.04942,0.79012,0.04525,0.75903,0.0245,0.79957,0.03581
glmnet_rf,0.71605,0.03543,0.71605,0.0501,0.71605,0.0501,0.71605,0.0501,0.71605,0.0501,0.71605,0.02489,0.78296,0.03663
glmnet_xgbTree,0.74691,0.03416,0.75,0.04841,0.7439,0.0482,0.74074,0.04869,0.75309,0.04791,0.7469,0.02472,0.81382,0.03368
