,Accuracy,Accuracy_SD,Precision_case,Precision_case_SD,Precision_control,Precision_control_SD,Recall_case,Recall_case_SD,Recall_control,Recall_control_SD,F1score,F1score_SD,AUC,AUC_SD
glmboost_lightgbm,0.74691,0.03416,0.75641,0.0486,0.7381,0.04797,0.72839,0.04942,0.76543,0.04708,0.74683,0.0246,0.82609,0.03204
glmboost_rf,0.74691,0.03416,0.75,0.04841,0.7439,0.0482,0.74074,0.04869,0.75309,0.04791,0.7469,0.02468,0.82068,0.03317
glmboost_xgbTree,0.74074,0.03443,0.74074,0.04869,0.74074,0.04869,0.74074,0.04869,0.74074,0.04869,0.74074,0.02335,0.79531,0.03606
glmnet_lightgbm,0.75926,0.03359,0.7625,0.04758,0.7561,0.04742,0.75309,0.04791,0.76543,0.04708,0.75925,0.02414,0.81702,0.03332
glmnet_rf,0.70988,0.03566,0.69318,0.04916,0.72973,0.05163,0.75309,0.04791,0.66667,0.05238,0.70933,0.027,0.79782,0.03522
glmnet_xgbTree,0.73457,0.03469,0.7375,0.04919,0.73171,0.04893,0.72839,0.04942,0.74074,0.04869,0.73456,0.02393,0.80979,0.03422
