,Accuracy,Accuracy_SD,Precision_case,Precision_case_SD,Precision_control,Precision_control_SD,Recall_case,Recall_case_SD,Recall_control,Recall_control_SD,F1score,F1score_SD,AUC,AUC_SD
glmboost_lightgbm,0.79701,0.03318,0.81692,0.04663,0.78008,0.04683,0.76545,0.04932,0.82856,0.04396,0.79673,0.02363,0.86525,0.02997
glmboost_rf,0.80454,0.03278,0.82522,0.04574,0.787,0.04648,0.77369,0.0489,0.83406,0.04331,0.80398,0.02345,0.88387,0.0277
glmboost_xgbTree,0.79359,0.03338,0.80318,0.04698,0.78522,0.04729,0.77922,0.04842,0.80795,0.04577,0.79347,0.02365,0.88146,0.02788
glmnet_lightgbm,0.80043,0.03304,0.81708,0.04629,0.78615,0.04678,0.77506,0.04879,0.82582,0.04419,0.80024,0.02349,0.86744,0.03012
glmnet_rf,0.80183,0.03294,0.81923,0.0462,0.78687,0.04663,0.77506,0.04874,0.82721,0.0441,0.8013,0.02329,0.87957,0.02822
glmnet_xgbTree,0.8011,0.03291,0.81532,0.04604,0.78946,0.04663,0.78063,0.04822,0.82156,0.04436,0.80089,0.0234,0.87375,0.02886
