,Accuracy,Accuracy_SD,Precision_case,Precision_case_SD,Precision_control,Precision_control_SD,Recall_case,Recall_case_SD,Recall_control,Recall_control_SD,F1score,F1score_SD,AUC,AUC_SD
glmboost_lightgbm,0.73457,0.03469,0.72619,0.04865,0.74359,0.04944,0.75309,0.04791,0.71605,0.0501,0.73448,0.0244,0.80597,0.0347
glmboost_rf,0.75926,0.03359,0.77632,0.0478,0.74419,0.04705,0.72839,0.04942,0.79012,0.04525,0.75903,0.02365,0.79409,0.03573
glmboost_xgbTree,0.7284,0.03495,0.72289,0.04913,0.73418,0.0497,0.74074,0.04869,0.71605,0.0501,0.72835,0.0249,0.82167,0.03222
glmnet_lightgbm,0.7963,0.03164,0.8,0.04472,0.79268,0.04477,0.79012,0.04525,0.80247,0.04424,0.79629,0.02267,0.83516,0.03275
glmnet_rf,0.7284,0.03495,0.72839,0.04942,0.72839,0.04942,0.72839,0.04942,0.72839,0.04942,0.72839,0.02448,0.79851,0.0352
glmnet_xgbTree,0.7716,0.03298,0.78947,0.04676,0.75581,0.04633,0.74074,0.04869,0.80247,0.04424,0.77139,0.02387,0.82426,0.03261
