,Accuracy,Accuracy_SD,Precision_case,Precision_case_SD,Precision_control,Precision_control_SD,Recall_case,Recall_case_SD,Recall_control,Recall_control_SD,F1score,F1score_SD,AUC,AUC_SD
glmboost_lightgbm,0.79081,0.03361,0.80641,0.04746,0.77784,0.04729,0.76543,0.0493,0.81615,0.04527,0.79054,0.02356,0.87061,0.0294
glmboost_rf,0.79974,0.0331,0.81192,0.04663,0.78919,0.04677,0.78054,0.04831,0.81893,0.04502,0.7996,0.02327,0.88151,0.02801
glmboost_xgbTree,0.79973,0.03308,0.81348,0.04658,0.78748,0.04679,0.77774,0.04854,0.82167,0.04474,0.79958,0.02365,0.88772,0.02678
glmnet_lightgbm,0.80315,0.03285,0.80814,0.04635,0.79904,0.04646,0.79559,0.04705,0.81067,0.04571,0.80306,0.02321,0.87259,0.02911
glmnet_rf,0.821,0.03172,0.83181,0.04445,0.81165,0.045,0.80523,0.04624,0.83674,0.04318,0.8209,0.02259,0.88123,0.02836
glmnet_xgbTree,0.79834,0.03311,0.80369,0.04652,0.79425,0.04694,0.7915,0.04744,0.80523,0.04595,0.79823,0.02339,0.87922,0.0283
