,Accuracy,Accuracy_SD,Precision_case,Precision_case_SD,Precision_control,Precision_control_SD,Recall_case,Recall_case_SD,Recall_control,Recall_control_SD,F1score,F1score_SD,AUC,AUC_SD
glmboost_lightgbm,0.7915,0.03355,0.80445,0.04724,0.78024,0.04741,0.77097,0.04904,0.81067,0.04569,0.79103,0.0241,0.85725,0.0308
glmboost_rf,0.80522,0.03267,0.82624,0.04557,0.78724,0.04635,0.77367,0.04882,0.83676,0.04298,0.80497,0.0233,0.87838,0.02839
glmboost_xgbTree,0.78195,0.03404,0.78308,0.04791,0.78137,0.0483,0.78194,0.04826,0.78198,0.0479,0.78189,0.02445,0.86922,0.02919
glmnet_lightgbm,0.79148,0.03352,0.79671,0.04734,0.78703,0.04739,0.78331,0.04803,0.79964,0.04664,0.7914,0.0238,0.85688,0.03104
glmnet_rf,0.81276,0.03228,0.82594,0.04526,0.80127,0.04575,0.79288,0.04733,0.82854,0.04403,0.81165,0.02284,0.88063,0.02813
glmnet_xgbTree,0.80251,0.03284,0.80894,0.04627,0.79735,0.04644,0.7929,0.04719,0.8121,0.04546,0.8024,0.02358,0.87269,0.02883
