,Accuracy,Accuracy_SD,Precision_case,Precision_case_SD,Precision_control,Precision_control_SD,Recall_case,Recall_case_SD,Recall_control,Recall_control_SD,F1score,F1score_SD,AUC,AUC_SD
glmboost_lightgbm,0.70988,0.03566,0.7125,0.0506,0.70732,0.05025,0.7037,0.05074,0.71605,0.0501,0.70987,0.02547,0.79165,0.03489
glmboost_rf,0.74691,0.03416,0.75,0.04841,0.7439,0.0482,0.74074,0.04869,0.75309,0.04791,0.7469,0.02336,0.82594,0.03224
glmboost_xgbTree,0.73457,0.03469,0.73171,0.04893,0.7375,0.04919,0.74074,0.04869,0.72839,0.04942,0.73456,0.025,0.80857,0.03334
glmnet_lightgbm,0.72222,0.03519,0.725,0.04992,0.71951,0.04961,0.71605,0.0501,0.72839,0.04942,0.72221,0.02565,0.80087,0.03418
glmnet_rf,0.7716,0.03298,0.78947,0.04676,0.75581,0.04633,0.74074,0.04869,0.80247,0.04424,0.77139,0.02313,0.82068,0.03314
glmnet_xgbTree,0.72222,0.03519,0.76471,0.05144,0.69149,0.04764,0.64198,0.05327,0.80247,0.04424,0.72042,0.02554,0.8251,0.03151
