,Accuracy,Accuracy_SD,Precision_case,Precision_case_SD,Precision_control,Precision_control_SD,Recall_case,Recall_case_SD,Recall_control,Recall_control_SD,F1score,F1score_SD,AUC,AUC_SD
glmboost_lightgbm,0.79699,0.03322,0.80745,0.04678,0.78777,0.047,0.78052,0.04831,0.81347,0.04541,0.79688,0.02355,0.86403,0.03016
glmboost_rf,0.8155,0.03204,0.83334,0.04477,0.8,0.04548,0.78876,0.04759,0.84226,0.04258,0.81532,0.02316,0.88808,0.02713
glmboost_xgbTree,0.80315,0.03286,0.81167,0.04626,0.79587,0.04648,0.79013,0.04751,0.81619,0.04518,0.80305,0.0232,0.8835,0.02737
glmnet_lightgbm,0.78049,0.03423,0.79465,0.0484,0.76896,0.04813,0.75725,0.04996,0.80382,0.04636,0.78023,0.02423,0.86464,0.02959
glmnet_rf,0.82164,0.03156,0.83494,0.04403,0.80998,0.04493,0.80249,0.04641,0.83535,0.04315,0.8202,0.02265,0.88776,0.02767
glmnet_xgbTree,0.81276,0.03222,0.82294,0.04533,0.80383,0.0456,0.79694,0.04686,0.82856,0.04402,0.81265,0.02294,0.88368,0.02792
