,Accuracy,Accuracy_SD,Precision_case,Precision_case_SD,Precision_control,Precision_control_SD,Recall_case,Recall_case_SD,Recall_control,Recall_control_SD,F1score,F1score_SD,AUC,AUC_SD
glmboost_lightgbm,0.77234,0.0346,0.77877,0.04891,0.76659,0.04885,0.76138,0.04974,0.78335,0.04799,0.77228,0.02478,0.85362,0.03104
glmboost_rf,0.80316,0.03284,0.81809,0.04608,0.79131,0.0463,0.78065,0.04808,0.8258,0.04419,0.80293,0.0235,0.88421,0.02769
glmboost_xgbTree,0.79833,0.03318,0.80203,0.04667,0.79624,0.04696,0.79425,0.04723,0.80238,0.04632,0.79819,0.02345,0.87365,0.02914
glmnet_lightgbm,0.79425,0.03342,0.80323,0.04707,0.78698,0.04723,0.78052,0.04829,0.80799,0.0459,0.79409,0.02361,0.86633,0.02941
glmnet_rf,0.81412,0.03213,0.83053,0.04482,0.80005,0.04564,0.7902,0.04751,0.834,0.04331,0.81297,0.02329,0.88678,0.02726
glmnet_xgbTree,0.79355,0.0335,0.80837,0.04724,0.78055,0.04728,0.7695,0.04921,0.81758,0.0452,0.79337,0.02365,0.88597,0.02667
