,Accuracy,Accuracy_SD,Precision_case,Precision_case_SD,Precision_control,Precision_control_SD,Recall_case,Recall_case_SD,Recall_control,Recall_control_SD,F1score,F1score_SD,AUC,AUC_SD
glmboost_lightgbm,0.79972,0.03302,0.80924,0.04661,0.79211,0.04657,0.78463,0.04775,0.81476,0.04531,0.79953,0.02362,0.87302,0.0289
glmboost_rf,0.82099,0.03163,0.82941,0.04427,0.81386,0.04494,0.8093,0.04584,0.82717,0.04401,0.81956,0.0226,0.88979,0.02723
glmboost_xgbTree,0.79629,0.03329,0.80784,0.04697,0.78648,0.04697,0.77774,0.04844,0.81476,0.04539,0.79611,0.02361,0.87911,0.02773
glmnet_lightgbm,0.80178,0.03288,0.81575,0.0461,0.78938,0.04665,0.78046,0.04834,0.82306,0.04435,0.80165,0.02343,0.86732,0.02985
glmnet_rf,0.8148,0.03211,0.82279,0.04527,0.80815,0.04536,0.80245,0.04634,0.82574,0.04435,0.81436,0.02276,0.89374,0.02647
glmnet_xgbTree,0.79769,0.03321,0.81122,0.04673,0.78575,0.04699,0.77643,0.04868,0.81893,0.04495,0.79754,0.02347,0.87491,0.02859
