,Accuracy,Accuracy_SD,Precision_case,Precision_case_SD,Precision_control,Precision_control_SD,Recall_case,Recall_case_SD,Recall_control,Recall_control_SD,F1score,F1score_SD,AUC,AUC_SD
glmboost_lightgbm,0.79008,0.03361,0.79633,0.04764,0.78506,0.04732,0.77905,0.04819,0.80105,0.04666,0.78993,0.02392,0.87511,0.02833
glmboost_rf,0.79972,0.03308,0.80581,0.04669,0.79464,0.04675,0.79009,0.04751,0.80927,0.04587,0.79961,0.02354,0.88621,0.02715
glmboost_xgbTree,0.79013,0.03366,0.79388,0.04762,0.78863,0.04735,0.78453,0.04774,0.79562,0.04706,0.78988,0.02397,0.88257,0.02731
glmnet_lightgbm,0.7997,0.03308,0.8136,0.04639,0.78829,0.04682,0.77907,0.04842,0.82026,0.04466,0.79947,0.02341,0.87676,0.02831
glmnet_rf,0.80386,0.03285,0.81294,0.04621,0.7959,0.04654,0.79014,0.04763,0.81615,0.0452,0.80343,0.0234,0.89051,0.02624
glmnet_xgbTree,0.81137,0.03235,0.82,0.0455,0.80389,0.04581,0.79834,0.04684,0.82443,0.04443,0.81129,0.02296,0.88485,0.02751
