,Accuracy,Accuracy_SD,Precision_case,Precision_case_SD,Precision_control,Precision_control_SD,Recall_case,Recall_case_SD,Recall_control,Recall_control_SD,F1score,F1score_SD,AUC,AUC_SD
glmboost_lightgbm,0.78534,0.03391,0.79763,0.04787,0.77481,0.04784,0.76553,0.04941,0.80517,0.04618,0.78518,0.02407,0.8667,0.02944
glmboost_rf,0.80385,0.03281,0.81434,0.0462,0.79478,0.04638,0.78737,0.04769,0.81347,0.04548,0.80208,0.02348,0.87827,0.02812
glmboost_xgbTree,0.79022,0.03341,0.80002,0.0473,0.78259,0.04699,0.77376,0.04826,0.8067,0.04583,0.78997,0.02402,0.88253,0.0275
glmnet_lightgbm,0.79214,0.03346,0.80052,0.04719,0.78555,0.04723,0.77911,0.04824,0.80521,0.04606,0.79197,0.02404,0.87376,0.02851
glmnet_rf,0.79765,0.03315,0.80353,0.04677,0.79333,0.04678,0.7887,0.04747,0.79833,0.0467,0.79551,0.02362,0.8831,0.02735
glmnet_xgbTree,0.8011,0.03298,0.80809,0.04653,0.79544,0.04656,0.79009,0.04743,0.81208,0.0456,0.80099,0.02344,0.88018,0.02782
