,Accuracy,Accuracy_SD,Precision_case,Precision_case_SD,Precision_control,Precision_control_SD,Recall_case,Recall_case_SD,Recall_control,Recall_control_SD,F1score,F1score_SD,AUC,AUC_SD
glmboost_lightgbm,0.73457,0.03469,0.75,0.04967,0.72093,0.04837,0.7037,0.05074,0.76543,0.04708,0.73431,0.0251,0.80094,0.03459
glmboost_rf,0.72222,0.03519,0.75,0.05103,0.7,0.0483,0.66667,0.05238,0.77778,0.04619,0.72136,0.02587,0.80445,0.03465
glmboost_xgbTree,0.72222,0.03519,0.75714,0.05125,0.69565,0.04797,0.65432,0.05284,0.79012,0.04525,0.72094,0.02479,0.79744,0.0349
glmnet_lightgbm,0.72222,0.03519,0.75714,0.05125,0.69565,0.04797,0.65432,0.05284,0.79012,0.04525,0.72094,0.02552,0.78296,0.03612
glmnet_rf,0.74691,0.03416,0.77778,0.049,0.72222,0.04721,0.69136,0.05133,0.80247,0.04424,0.74613,0.02513,0.78319,0.03626
glmnet_xgbTree,0.73457,0.03469,0.7375,0.04919,0.73171,0.04893,0.72839,0.04942,0.74074,0.04869,0.73456,0.02512,0.78936,0.03552
