,Accuracy,Accuracy_SD,Precision_case,Precision_case_SD,Precision_control,Precision_control_SD,Recall_case,Recall_case_SD,Recall_control,Recall_control_SD,F1score,F1score_SD,AUC,AUC_SD
glmboost_lightgbm,0.73457,0.03469,0.75,0.04967,0.72093,0.04837,0.7037,0.05074,0.76543,0.04708,0.73431,0.02512,0.78753,0.03609
glmboost_rf,0.74691,0.03416,0.77027,0.0489,0.72727,0.04748,0.7037,0.05074,0.79012,0.04525,0.74644,0.02533,0.8062,0.03479
glmboost_xgbTree,0.7284,0.03495,0.76056,0.05064,0.7033,0.04789,0.66667,0.05238,0.79012,0.04525,0.72736,0.02471,0.80011,0.0346
glmnet_lightgbm,0.7716,0.03298,0.81429,0.04648,0.73913,0.04578,0.7037,0.05074,0.83951,0.04078,0.77055,0.02377,0.80491,0.03483
glmnet_rf,0.74691,0.03416,0.78571,0.04904,0.71739,0.04694,0.67901,0.05187,0.81481,0.04316,0.74574,0.02397,0.82495,0.03283
glmnet_xgbTree,0.75309,0.03388,0.78082,0.04842,0.73034,0.04704,0.7037,0.05074,0.80247,0.04424,0.75248,0.02373,0.82701,0.03225
