,Accuracy,Accuracy_SD,Precision_case,Precision_case_SD,Precision_control,Precision_control_SD,Recall_case,Recall_case_SD,Recall_control,Recall_control_SD,F1score,F1score_SD,AUC,AUC_SD
glmboost_lightgbm,0.79768,0.03319,0.81275,0.04652,0.78531,0.04693,0.77506,0.04869,0.82024,0.04465,0.79745,0.0237,0.8732,0.02929
glmboost_rf,0.81272,0.03219,0.82603,0.04511,0.80129,0.04563,0.79281,0.0472,0.82846,0.04399,0.81159,0.02309,0.88252,0.02817
glmboost_xgbTree,0.81412,0.03215,0.82017,0.04527,0.80901,0.04551,0.80519,0.04621,0.82306,0.04453,0.81405,0.02279,0.8905,0.02633
glmnet_lightgbm,0.79905,0.03314,0.81239,0.04651,0.78855,0.04678,0.77911,0.04833,0.81895,0.04484,0.79881,0.02366,0.87924,0.02808
glmnet_rf,0.81689,0.03195,0.82087,0.04486,0.81414,0.04525,0.81206,0.04561,0.82028,0.04464,0.81647,0.02249,0.88735,0.02772
glmnet_xgbTree,0.80517,0.03264,0.80438,0.04601,0.80702,0.04614,0.80795,0.04588,0.80236,0.04623,0.80508,0.02294,0.88628,0.02715
