,Accuracy,Accuracy_SD,Precision_case,Precision_case_SD,Precision_control,Precision_control_SD,Recall_case,Recall_case_SD,Recall_control,Recall_control_SD,F1score,F1score_SD,AUC,AUC_SD
glmboost_lightgbm,0.75309,0.03388,0.76623,0.04823,0.74118,0.04751,0.72839,0.04942,0.77778,0.04619,0.75294,0.02434,0.83966,0.03088
glmboost_rf,0.75309,0.03388,0.76623,0.04823,0.74118,0.04751,0.72839,0.04942,0.77778,0.04619,0.75294,0.02379,0.81055,0.03445
glmboost_xgbTree,0.75926,0.03359,0.76923,0.04771,0.75,0.04725,0.74074,0.04869,0.77778,0.04619,0.75918,0.02399,0.83791,0.03135
glmnet_lightgbm,0.7716,0.03298,0.78947,0.04676,0.75581,0.04633,0.74074,0.04869,0.80247,0.04424,0.77139,0.02393,0.81001,0.03434
glmnet_rf,0.73457,0.03469,0.74359,0.04944,0.72619,0.04865,0.71605,0.0501,0.75309,0.04791,0.73448,0.02454,0.80704,0.03451
glmnet_xgbTree,0.79012,0.03199,0.79747,0.04522,0.78313,0.04524,0.77778,0.04619,0.80247,0.04424,0.79009,0.02276,0.85719,0.02962
