,Accuracy,Accuracy_SD,Precision_case,Precision_case_SD,Precision_control,Precision_control_SD,Recall_case,Recall_case_SD,Recall_control,Recall_control_SD,F1score,F1score_SD,AUC,AUC_SD
glmboost_lightgbm,0.79972,0.03311,0.80822,0.04673,0.79212,0.0468,0.786,0.04791,0.81343,0.04558,0.79963,0.02377,0.86845,0.02984
glmboost_rf,0.82305,0.03144,0.83174,0.04404,0.81597,0.04452,0.81071,0.04549,0.83404,0.04319,0.82259,0.02231,0.89028,0.02749
glmboost_xgbTree,0.81002,0.03243,0.81248,0.04577,0.8084,0.04581,0.8066,0.04608,0.81347,0.04548,0.80996,0.0228,0.8826,0.02809
glmnet_lightgbm,0.80041,0.03303,0.80634,0.04659,0.79593,0.04662,0.7915,0.04732,0.80932,0.04583,0.80028,0.02331,0.87661,0.02878
glmnet_rf,0.82438,0.03137,0.83063,0.04398,0.81934,0.04454,0.81617,0.04516,0.83126,0.04344,0.82393,0.0224,0.89384,0.02678
glmnet_xgbTree,0.81344,0.03219,0.81959,0.04518,0.80837,0.04568,0.80519,0.0463,0.82171,0.04452,0.81336,0.02265,0.88596,0.02743
