,Accuracy,Accuracy_SD,Precision_case,Precision_case_SD,Precision_control,Precision_control_SD,Recall_case,Recall_case_SD,Recall_control,Recall_control_SD,F1score,F1score_SD,AUC,AUC_SD
glmboost_lightgbm,0.80518,0.03266,0.8066,0.0463,0.80476,0.04593,0.80238,0.04617,0.80797,0.04602,0.80509,0.02331,0.87464,0.02891
glmboost_rf,0.80997,0.03234,0.82569,0.04535,0.7965,0.04581,0.7859,0.04769,0.82985,0.04385,0.80878,0.02288,0.896,0.02616
glmboost_xgbTree,0.80315,0.03277,0.8056,0.04615,0.80241,0.04633,0.80118,0.04642,0.80508,0.04595,0.80297,0.02374,0.88533,0.02689
glmnet_lightgbm,0.8052,0.03274,0.81003,0.04612,0.80119,0.04637,0.79838,0.04689,0.81062,0.04568,0.80478,0.02333,0.87525,0.02854
glmnet_rf,0.82304,0.03151,0.83667,0.04393,0.81148,0.04481,0.80379,0.0463,0.83813,0.04284,0.82191,0.02226,0.89036,0.02722
glmnet_xgbTree,0.80792,0.03253,0.81602,0.04579,0.80086,0.04605,0.79559,0.04703,0.82026,0.04477,0.80783,0.02313,0.88656,0.02714
