,Accuracy,Accuracy_SD,Precision_case,Precision_case_SD,Precision_control,Precision_control_SD,Recall_case,Recall_case_SD,Recall_control,Recall_control_SD,F1score,F1score_SD,AUC,AUC_SD
glmboost_lightgbm,0.81481,0.03214,0.83127,0.04493,0.80013,0.04567,0.79013,0.04763,0.83952,0.04292,0.81468,0.02329,0.87804,0.02879
glmboost_rf,0.82717,0.03115,0.84721,0.04277,0.80986,0.04465,0.79971,0.04676,0.85186,0.04109,0.82637,0.02212,0.89267,0.02662
glmboost_xgbTree,0.79768,0.03316,0.81238,0.04656,0.78524,0.04691,0.77508,0.04868,0.82028,0.04467,0.79747,0.0238,0.88118,0.02737
glmnet_lightgbm,0.79901,0.03302,0.81265,0.04641,0.78697,0.04675,0.77778,0.04844,0.82024,0.04465,0.79888,0.02355,0.87469,0.0286
glmnet_rf,0.81341,0.03212,0.83183,0.04485,0.79806,0.0455,0.78598,0.04764,0.83805,0.0429,0.8125,0.02317,0.8923,0.02655
glmnet_xgbTree,0.7922,0.03341,0.80063,0.04702,0.78459,0.04733,0.7792,0.04836,0.80523,0.04596,0.79214,0.02391,0.879,0.02779
