,Accuracy,Accuracy_SD,Precision_case,Precision_case_SD,Precision_control,Precision_control_SD,Recall_case,Recall_case_SD,Recall_control,Recall_control_SD,F1score,F1score_SD,AUC,AUC_SD
glmboost_lightgbm,0.75309,0.03388,0.75949,0.04809,0.74699,0.04772,0.74074,0.04869,0.76543,0.04708,0.75305,0.02351,0.79691,0.03542
glmboost_rf,0.70988,0.03566,0.72973,0.05163,0.69318,0.04916,0.66667,0.05238,0.75309,0.04791,0.70933,0.02607,0.79325,0.03505
glmboost_xgbTree,0.74074,0.03443,0.76,0.04932,0.72414,0.04792,0.7037,0.05074,0.77778,0.04619,0.74038,0.02402,0.81984,0.03262
glmnet_lightgbm,0.75926,0.03359,0.76923,0.04771,0.75,0.04725,0.74074,0.04869,0.77778,0.04619,0.75918,0.02195,0.82091,0.03326
glmnet_rf,0.71605,0.03543,0.72152,0.05043,0.71084,0.04976,0.7037,0.05074,0.72839,0.04942,0.71601,0.02497,0.80224,0.03417
glmnet_xgbTree,0.7037,0.03588,0.71429,0.05148,0.69412,0.04998,0.67901,0.05187,0.72839,0.04942,0.70352,0.02624,0.77717,0.03635
