,Accuracy,Accuracy_SD,Precision_case,Precision_case_SD,Precision_control,Precision_control_SD,Recall_case,Recall_case_SD,Recall_control,Recall_control_SD,F1score,F1score_SD,AUC,AUC_SD
glmboost_lightgbm,0.80307,0.03282,0.81837,0.0459,0.79041,0.04648,0.78046,0.04825,0.82568,0.04405,0.80287,0.02317,0.87256,0.02888
glmboost_rf,0.82026,0.03169,0.83356,0.0442,0.80854,0.04511,0.80108,0.04661,0.83807,0.04285,0.81983,0.02266,0.89023,0.02689
glmboost_xgbTree,0.79493,0.03337,0.8037,0.04713,0.78721,0.04713,0.78054,0.04828,0.80795,0.04601,0.79447,0.02381,0.87641,0.02813
glmnet_lightgbm,0.80656,0.03263,0.81705,0.04599,0.7979,0.04601,0.79009,0.04733,0.82304,0.04459,0.80642,0.02297,0.88187,0.02799
glmnet_rf,0.80928,0.03242,0.8222,0.04538,0.79808,0.04598,0.79009,0.0475,0.82163,0.04451,0.80747,0.02313,0.8912,0.02682
glmnet_xgbTree,0.78327,0.0341,0.78573,0.04822,0.78114,0.04818,0.77917,0.04851,0.78737,0.04786,0.78323,0.02441,0.87975,0.02753
