,Accuracy,Accuracy_SD,Precision_case,Precision_case_SD,Precision_control,Precision_control_SD,Recall_case,Recall_case_SD,Recall_control,Recall_control_SD,F1score,F1score_SD,AUC,AUC_SD
glmboost_lightgbm,0.745542222222222,0.0236476601657147,0.759104,0.0275992655864081,0.733898666666667,0.023005849117917,0.720162888888889,0.028833525044029,0.770918888888889,0.0309821445074874,0.745293333333333,0.0236899308299385,0.809603555555556,0.0193037930982436
glmboost_rf,0.742386888888889,0.026398944092367,0.753244222222222,0.0289550003130947,0.733316888888889,0.0281153810074116,0.721809555555556,0.0360513099595282,0.760219111111111,0.0326086939621812,0.741489333333333,0.0262896929682268,0.805954444444444,0.0152365561540114
glmboost_xgbTree,0.737174666666667,0.0201521226718631,0.747330888888889,0.0209625345256096,0.728669555555556,0.0239821470488092,0.717145555555556,0.0338937723265684,0.756926888888889,0.0254952574754085,0.736868888888889,0.0202033632688653,0.814102444444444,0.0157184435899007
glmnet_lightgbm,0.748559111111111,0.0256001928101957,0.758921555555556,0.0313072832040112,0.739736666666667,0.0236628663828908,0.730039777777778,0.0274298473373348,0.767077111111111,0.0375576407080577,0.748371111111111,0.0255971261901003,0.808612666666667,0.0182217419334955
glmnet_rf,0.732373333333333,0.025557217002426,0.742230666666667,0.0309056964740395,0.724172444444444,0.0246884876700527,0.713580444444444,0.0308752656930457,0.749518888888889,0.0370017217794857,0.731756666666667,0.0255743613623275,0.800287777777778,0.019381129046867
glmnet_xgbTree,0.742661777777778,0.0236818757212508,0.751738222222222,0.0252068921210855,0.735364888888889,0.0279264817806766,0.725376222222222,0.0385184573400673,0.759945555555556,0.0304188595473535,0.742417333333333,0.0237588930144636,0.812743555555556,0.019979271662441
