,Accuracy,Accuracy_SD,Precision_case,Precision_case_SD,Precision_control,Precision_control_SD,Recall_case,Recall_case_SD,Recall_control,Recall_control_SD,F1score,F1score_SD,AUC,AUC_SD
glmboost_lightgbm,0.72222,0.03519,0.73077,0.05022,0.71429,0.04929,0.7037,0.05074,0.74074,0.04869,0.72213,0.02529,0.78822,0.03589
glmboost_rf,0.71605,0.03543,0.73973,0.05136,0.69663,0.04873,0.66667,0.05238,0.75309,0.04791,0.71253,0.02504,0.79073,0.03569
glmboost_xgbTree,0.73457,0.03469,0.7375,0.04919,0.73171,0.04893,0.72839,0.04942,0.74074,0.04869,0.73456,0.02397,0.79073,0.03544
glmnet_lightgbm,0.68519,0.03649,0.67857,0.05096,0.69231,0.05226,0.7037,0.05074,0.66667,0.05238,0.68508,0.02559,0.77381,0.03611
glmnet_rf,0.72222,0.03519,0.73684,0.05051,0.7093,0.04897,0.69136,0.05133,0.75309,0.04791,0.72196,0.02449,0.7415,0.04011
glmnet_xgbTree,0.68519,0.03649,0.69737,0.0527,0.67442,0.05053,0.65432,0.05284,0.71605,0.0501,0.68488,0.02635,0.77503,0.036
