,Accuracy,Accuracy_SD,Precision_case,Precision_case_SD,Precision_control,Precision_control_SD,Recall_case,Recall_case_SD,Recall_control,Recall_control_SD,F1score,F1score_SD,AUC,AUC_SD
glmboost_lightgbm,0.75309,0.03388,0.76623,0.04823,0.74118,0.04751,0.72839,0.04942,0.77778,0.04619,0.75294,0.02456,0.82747,0.0319
glmboost_rf,0.70988,0.03566,0.69767,0.04952,0.72368,0.05129,0.74074,0.04869,0.67901,0.05187,0.7096,0.02541,0.79569,0.03512
glmboost_xgbTree,0.69753,0.03609,0.69512,0.05084,0.7,0.05123,0.7037,0.05074,0.69136,0.05133,0.69752,0.02686,0.77915,0.03635
glmnet_lightgbm,0.71605,0.03543,0.72152,0.05043,0.71084,0.04976,0.7037,0.05074,0.72839,0.04942,0.71601,0.02457,0.79614,0.0353
glmnet_rf,0.67284,0.03686,0.675,0.05237,0.67073,0.0519,0.66667,0.05238,0.67901,0.05187,0.67283,0.02539,0.76543,0.03761
glmnet_xgbTree,0.71605,0.03543,0.72152,0.05043,0.71084,0.04976,0.7037,0.05074,0.72839,0.04942,0.71601,0.02412,0.77976,0.03652
