,Accuracy,Accuracy_SD,Precision_case,Precision_case_SD,Precision_control,Precision_control_SD,Recall_case,Recall_case_SD,Recall_control,Recall_control_SD,F1score,F1score_SD,AUC,AUC_SD
glmboost_lightgbm,0.74074,0.03443,0.74684,0.04892,0.73494,0.04845,0.72839,0.04942,0.75309,0.04791,0.7407,0.02499,0.82289,0.03285
glmboost_rf,0.74691,0.03416,0.76316,0.04877,0.73256,0.04773,0.71605,0.0501,0.76543,0.04708,0.74374,0.02439,0.79058,0.03586
glmboost_xgbTree,0.74074,0.03443,0.74684,0.04892,0.73494,0.04845,0.72839,0.04942,0.75309,0.04791,0.7407,0.02442,0.83112,0.03123
glmnet_lightgbm,0.76543,0.03329,0.78667,0.0473,0.74713,0.0466,0.72839,0.04942,0.80247,0.04424,0.76511,0.02402,0.82137,0.03373
glmnet_rf,0.71605,0.03543,0.73973,0.05136,0.69663,0.04873,0.66667,0.05238,0.76543,0.04708,0.71536,0.02458,0.81154,0.03392
glmnet_xgbTree,0.79012,0.03199,0.82192,0.04478,0.76404,0.04501,0.74074,0.04869,0.83951,0.04078,0.78961,0.0229,0.83524,0.03197
