,Accuracy,Accuracy_SD,Precision_case,Precision_case_SD,Precision_control,Precision_control_SD,Recall_case,Recall_case_SD,Recall_control,Recall_control_SD,F1score,F1score_SD,AUC,AUC_SD
glmboost_lightgbm,0.72222,0.03519,0.74324,0.05078,0.70455,0.04864,0.67901,0.05187,0.76543,0.04708,0.7217,0.02537,0.80338,0.0345
glmboost_rf,0.74074,0.03443,0.74684,0.04892,0.73494,0.04845,0.72839,0.04942,0.75309,0.04791,0.7407,0.02466,0.80948,0.03444
glmboost_xgbTree,0.71605,0.03543,0.73333,0.05106,0.70115,0.04908,0.67901,0.05187,0.75309,0.04791,0.71566,0.02475,0.81047,0.03309
glmnet_lightgbm,0.74074,0.03443,0.76,0.04932,0.72414,0.04792,0.7037,0.05074,0.77778,0.04619,0.74038,0.02447,0.80415,0.03472
glmnet_rf,0.7037,0.03588,0.72,0.05185,0.68966,0.0496,0.66667,0.05238,0.72839,0.04942,0.7004,0.02484,0.78624,0.03605
glmnet_xgbTree,0.70988,0.03566,0.7125,0.0506,0.70732,0.05025,0.7037,0.05074,0.71605,0.0501,0.70987,0.02558,0.78951,0.03498
