,Accuracy,Accuracy_SD,Precision_case,Precision_case_SD,Precision_control,Precision_control_SD,Recall_case,Recall_case_SD,Recall_control,Recall_control_SD,F1score,F1score_SD,AUC,AUC_SD
glmboost_lightgbm,0.75926,0.03359,0.77632,0.0478,0.74419,0.04705,0.72839,0.04942,0.79012,0.04525,0.75903,0.02416,0.79927,0.03501
glmboost_rf,0.70988,0.03566,0.72368,0.05129,0.69767,0.04952,0.67901,0.05187,0.74074,0.04869,0.7096,0.02517,0.79622,0.03428
glmboost_xgbTree,0.72222,0.03519,0.71951,0.04961,0.725,0.04992,0.72839,0.04942,0.71605,0.0501,0.72221,0.02537,0.79233,0.03496
glmnet_lightgbm,0.74691,0.03416,0.77778,0.049,0.72222,0.04721,0.69136,0.05133,0.80247,0.04424,0.74613,0.02471,0.8014,0.03432
glmnet_rf,0.69136,0.03629,0.69136,0.05133,0.69136,0.05133,0.69136,0.05133,0.69136,0.05133,0.69136,0.02679,0.78502,0.03568
glmnet_xgbTree,0.72222,0.03519,0.73684,0.05051,0.7093,0.04897,0.69136,0.05133,0.75309,0.04791,0.72196,0.0253,0.80857,0.03372
