,Accuracy,Accuracy_SD,Precision_case,Precision_case_SD,Precision_control,Precision_control_SD,Recall_case,Recall_case_SD,Recall_control,Recall_control_SD,F1score,F1score_SD,AUC,AUC_SD
glmboost_lightgbm,0.75309,0.03388,0.76623,0.04823,0.74118,0.04751,0.72839,0.04942,0.77778,0.04619,0.75294,0.02487,0.80918,0.03457
glmboost_rf,0.73457,0.03469,0.7375,0.04919,0.73171,0.04893,0.72839,0.04942,0.74074,0.04869,0.73456,0.02473,0.80323,0.03434
glmboost_xgbTree,0.7284,0.03495,0.74026,0.04997,0.71765,0.04882,0.7037,0.05074,0.75309,0.04791,0.72823,0.02475,0.80887,0.03351
glmnet_lightgbm,0.7716,0.03298,0.78205,0.04675,0.7619,0.04647,0.75309,0.04791,0.79012,0.04525,0.77153,0.02351,0.81649,0.03433
glmnet_rf,0.72222,0.03519,0.73684,0.05051,0.7093,0.04897,0.69136,0.05133,0.74074,0.04869,0.71903,0.02536,0.77976,0.03734
glmnet_xgbTree,0.73457,0.03469,0.74359,0.04944,0.72619,0.04865,0.71605,0.0501,0.75309,0.04791,0.73448,0.02469,0.79858,0.03495
