,Accuracy,Accuracy_SD,Precision_case,Precision_case_SD,Precision_control,Precision_control_SD,Recall_case,Recall_case_SD,Recall_control,Recall_control_SD,F1score,F1score_SD,AUC,AUC_SD
glmboost_lightgbm,0.80659,0.03262,0.8171,0.0459,0.79695,0.04624,0.79009,0.04756,0.82306,0.04455,0.80651,0.02345,0.88224,0.0278
glmboost_rf,0.81688,0.03193,0.82534,0.04471,0.80989,0.04531,0.80525,0.04621,0.8258,0.0441,0.81612,0.02293,0.89329,0.02658
glmboost_xgbTree,0.80592,0.03262,0.8122,0.04588,0.80053,0.04625,0.79703,0.04693,0.81484,0.04515,0.80585,0.0229,0.88768,0.02667
glmnet_lightgbm,0.80043,0.03296,0.80499,0.04661,0.79669,0.04651,0.79281,0.04712,0.80799,0.04595,0.80034,0.02297,0.87957,0.02804
glmnet_rf,0.82166,0.03164,0.83325,0.0442,0.81169,0.04497,0.80523,0.04624,0.83674,0.04306,0.82122,0.02259,0.89643,0.02616
glmnet_xgbTree,0.80933,0.03247,0.81393,0.04579,0.80538,0.04597,0.80247,0.04651,0.81617,0.04522,0.80928,0.02313,0.89616,0.02556
