,Accuracy,Accuracy_SD,Precision_case,Precision_case_SD,Precision_control,Precision_control_SD,Recall_case,Recall_case_SD,Recall_control,Recall_control_SD,F1score,F1score_SD,AUC,AUC_SD
glmboost_lightgbm,0.69753,0.03609,0.70513,0.05163,0.69048,0.05044,0.67901,0.05187,0.71605,0.0501,0.69743,0.02577,0.77168,0.03659
glmboost_rf,0.76543,0.03329,0.77922,0.04727,0.75294,0.04678,0.74074,0.04869,0.77778,0.04619,0.76233,0.02339,0.80758,0.03537
glmboost_xgbTree,0.75309,0.03388,0.75949,0.04809,0.74699,0.04772,0.74074,0.04869,0.76543,0.04708,0.75305,0.02295,0.83219,0.03145
glmnet_lightgbm,0.72222,0.03519,0.71951,0.04961,0.725,0.04992,0.72839,0.04942,0.71605,0.0501,0.72221,0.0253,0.795,0.03465
glmnet_rf,0.70988,0.03566,0.70732,0.05025,0.7125,0.0506,0.71605,0.0501,0.7037,0.05074,0.70987,0.02526,0.81382,0.03285
glmnet_xgbTree,0.73457,0.03469,0.75676,0.04987,0.71591,0.04807,0.69136,0.05133,0.77778,0.04619,0.73407,0.02512,0.79104,0.03527
