,Accuracy,Accuracy_SD,Precision_case,Precision_case_SD,Precision_control,Precision_control_SD,Recall_case,Recall_case_SD,Recall_control,Recall_control_SD,F1score,F1score_SD,AUC,AUC_SD
glmboost_lightgbm,0.78873,0.03367,0.80528,0.04703,0.77504,0.04768,0.76404,0.04961,0.81345,0.04503,0.78853,0.02386,0.86752,0.02928
glmboost_rf,0.81549,0.03205,0.8247,0.04501,0.80896,0.04517,0.80251,0.0462,0.82723,0.04404,0.81499,0.02275,0.88679,0.02745
glmboost_xgbTree,0.79215,0.03346,0.80354,0.04719,0.78213,0.04726,0.77363,0.04874,0.81065,0.04563,0.79202,0.02357,0.86887,0.0292
glmnet_lightgbm,0.80316,0.03287,0.81743,0.04608,0.79139,0.04651,0.78185,0.04818,0.82449,0.04431,0.80296,0.02335,0.87239,0.02913
glmnet_rf,0.80591,0.03267,0.81926,0.04577,0.79463,0.04628,0.78605,0.04784,0.82449,0.04429,0.80545,0.02305,0.88034,0.0287
glmnet_xgbTree,0.79628,0.03329,0.80881,0.04693,0.78579,0.04697,0.77641,0.04854,0.81621,0.04524,0.79611,0.02376,0.87086,0.02906
