,Accuracy,Accuracy_SD,Precision_case,Precision_case_SD,Precision_control,Precision_control_SD,Recall_case,Recall_case_SD,Recall_control,Recall_control_SD,F1score,F1score_SD,AUC,AUC_SD
glmboost_lightgbm,0.80317,0.03286,0.81256,0.0463,0.79563,0.04637,0.78879,0.04751,0.81758,0.04507,0.80302,0.02315,0.87346,0.0287
glmboost_rf,0.8217,0.03148,0.83217,0.04414,0.8136,0.04449,0.8067,0.04566,0.83676,0.0429,0.82153,0.02268,0.89612,0.02626
glmboost_xgbTree,0.80454,0.03272,0.81093,0.04619,0.79878,0.04627,0.79431,0.04709,0.81478,0.04534,0.80449,0.02346,0.88811,0.02683
glmnet_lightgbm,0.8018,0.03282,0.81509,0.04597,0.79017,0.04658,0.78198,0.04814,0.82159,0.04437,0.80168,0.02311,0.87386,0.02892
glmnet_rf,0.84022,0.03025,0.85214,0.04159,0.83109,0.04319,0.8258,0.04426,0.84629,0.04169,0.83809,0.02165,0.90017,0.02575
glmnet_xgbTree,0.80658,0.03262,0.81301,0.04593,0.801,0.0462,0.79697,0.04696,0.81615,0.04514,0.8065,0.02362,0.88829,0.02644
