,Accuracy,Accuracy_SD,Precision_case,Precision_case_SD,Precision_control,Precision_control_SD,Recall_case,Recall_case_SD,Recall_control,Recall_control_SD,F1score,F1score_SD,AUC,AUC_SD
glmboost_lightgbm,0.7716,0.03298,0.7973,0.04673,0.75,0.04616,0.72839,0.04942,0.81481,0.04316,0.77118,0.02429,0.82899,0.03226
glmboost_rf,0.7284,0.03495,0.74026,0.04997,0.71765,0.04882,0.7037,0.05074,0.75309,0.04791,0.72823,0.02496,0.80544,0.03473
glmboost_xgbTree,0.73457,0.03469,0.74359,0.04944,0.72619,0.04865,0.71605,0.0501,0.75309,0.04791,0.73448,0.02483,0.80933,0.03384
glmnet_lightgbm,0.71605,0.03543,0.71084,0.04976,0.72152,0.05043,0.72839,0.04942,0.7037,0.05074,0.71601,0.02491,0.7966,0.03506
glmnet_rf,0.78395,0.03233,0.81081,0.04553,0.76136,0.04544,0.74074,0.04869,0.81481,0.04316,0.78069,0.0234,0.81748,0.03392
glmnet_xgbTree,0.74074,0.03443,0.74684,0.04892,0.73494,0.04845,0.72839,0.04942,0.75309,0.04791,0.7407,0.02427,0.82144,0.03214
