,Accuracy,Accuracy_SD,Precision_case,Precision_case_SD,Precision_control,Precision_control_SD,Recall_case,Recall_case_SD,Recall_control,Recall_control_SD,F1score,F1score_SD,AUC,AUC_SD
glmboost_lightgbm,0.81137,0.03225,0.82962,0.04516,0.7955,0.04571,0.7832,0.04792,0.83952,0.04282,0.81115,0.02292,0.88716,0.02729
glmboost_rf,0.81071,0.03237,0.8223,0.04545,0.80017,0.04591,0.79288,0.04734,0.81895,0.04498,0.80828,0.0229,0.89221,0.02662
glmboost_xgbTree,0.79765,0.03323,0.80109,0.04683,0.79483,0.04705,0.79287,0.04742,0.80247,0.04645,0.79761,0.02359,0.87633,0.02861
glmnet_lightgbm,0.81342,0.03221,0.83875,0.04469,0.79257,0.04571,0.77629,0.04858,0.85051,0.04163,0.81304,0.02296,0.88121,0.02801
glmnet_rf,0.81413,0.0321,0.81945,0.04516,0.80963,0.04549,0.80654,0.04608,0.81762,0.04495,0.81305,0.02279,0.88823,0.02714
glmnet_xgbTree,0.82167,0.03163,0.83268,0.04437,0.81211,0.04484,0.80517,0.04614,0.83813,0.04303,0.82156,0.02258,0.89873,0.02535
