,Accuracy,Accuracy_SD,Precision_case,Precision_case_SD,Precision_control,Precision_control_SD,Recall_case,Recall_case_SD,Recall_control,Recall_control_SD,F1score,F1score_SD,AUC,AUC_SD
glmboost_lightgbm,0.74691,0.03416,0.75,0.04841,0.7439,0.0482,0.74074,0.04869,0.75309,0.04791,0.7469,0.02368,0.79348,0.03551
glmboost_rf,0.69753,0.03609,0.69512,0.05084,0.7,0.05123,0.7037,0.05074,0.67901,0.05187,0.69437,0.02522,0.80346,0.03436
glmboost_xgbTree,0.74691,0.03416,0.7381,0.04797,0.75641,0.0486,0.76543,0.04708,0.72839,0.04942,0.74683,0.02346,0.81817,0.033
glmnet_lightgbm,0.72222,0.03519,0.71429,0.04929,0.73077,0.05022,0.74074,0.04869,0.7037,0.05074,0.72213,0.02511,0.79592,0.03479
glmnet_rf,0.70988,0.03566,0.69767,0.04952,0.72368,0.05129,0.74074,0.04869,0.67901,0.05187,0.7096,0.02484,0.77801,0.03678
glmnet_xgbTree,0.70988,0.03566,0.70238,0.04989,0.71795,0.05095,0.72839,0.04942,0.69136,0.05133,0.70978,0.02574,0.79973,0.03399
