,Accuracy,Accuracy_SD,Precision_case,Precision_case_SD,Precision_control,Precision_control_SD,Recall_case,Recall_case_SD,Recall_control,Recall_control_SD,F1score,F1score_SD,AUC,AUC_SD
glmboost_lightgbm,0.7284,0.03495,0.74026,0.04997,0.71765,0.04882,0.7037,0.05074,0.75309,0.04791,0.72823,0.02449,0.80544,0.03446
glmboost_rf,0.71605,0.03543,0.71084,0.04976,0.72152,0.05043,0.72839,0.04942,0.7037,0.05074,0.71601,0.02476,0.83562,0.03126
glmboost_xgbTree,0.74691,0.03416,0.75641,0.0486,0.7381,0.04797,0.72839,0.04942,0.76543,0.04708,0.74683,0.02386,0.81893,0.03274
glmnet_lightgbm,0.71605,0.03543,0.71084,0.04976,0.72152,0.05043,0.72839,0.04942,0.7037,0.05074,0.71601,0.02569,0.80369,0.03389
glmnet_rf,0.75309,0.03388,0.75949,0.04809,0.74699,0.04772,0.74074,0.04869,0.76543,0.04708,0.75305,0.02397,0.83029,0.03183
glmnet_xgbTree,0.75926,0.03359,0.7561,0.04742,0.7625,0.04758,0.76543,0.04708,0.75309,0.04791,0.75925,0.02381,0.81222,0.03419
