,Accuracy,Accuracy_SD,Precision_case,Precision_case_SD,Precision_control,Precision_control_SD,Recall_case,Recall_case_SD,Recall_control,Recall_control_SD,F1score,F1score_SD,AUC,AUC_SD
glmboost_lightgbm,0.80451,0.03278,0.81043,0.04605,0.80091,0.04628,0.79694,0.04685,0.81208,0.0454,0.80433,0.02357,0.874,0.02893
glmboost_rf,0.81409,0.03217,0.82354,0.04499,0.80624,0.04567,0.80105,0.04668,0.82439,0.04431,0.81334,0.02272,0.8915,0.02701
glmboost_xgbTree,0.80724,0.03257,0.81702,0.04569,0.79859,0.04624,0.79288,0.04736,0.82159,0.04453,0.80716,0.02322,0.88326,0.02759
glmnet_lightgbm,0.799,0.03316,0.80807,0.0468,0.79144,0.04679,0.78457,0.04794,0.81343,0.04556,0.79886,0.02362,0.87408,0.0286
glmnet_rf,0.81476,0.03208,0.8191,0.04528,0.81072,0.04542,0.8079,0.04597,0.81615,0.04522,0.81336,0.02267,0.89389,0.0263
glmnet_xgbTree,0.80791,0.03249,0.81113,0.04597,0.80534,0.04585,0.80242,0.04629,0.81202,0.04563,0.80751,0.02302,0.88299,0.02744
