,Accuracy,Accuracy_SD,Precision_case,Precision_case_SD,Precision_control,Precision_control_SD,Recall_case,Recall_case_SD,Recall_control,Recall_control_SD,F1score,F1score_SD,AUC,AUC_SD
glmboost_lightgbm,0.70988,0.03566,0.72368,0.05129,0.69767,0.04952,0.67901,0.05187,0.74074,0.04869,0.7096,0.02556,0.81253,0.03313
glmboost_rf,0.68519,0.03649,0.69737,0.0527,0.67442,0.05053,0.65432,0.05284,0.71605,0.0501,0.68488,0.02631,0.77153,0.03677
glmboost_xgbTree,0.74074,0.03443,0.75325,0.04913,0.72941,0.04819,0.71605,0.0501,0.76543,0.04708,0.74058,0.02397,0.81177,0.03395
glmnet_lightgbm,0.74074,0.03443,0.74684,0.04892,0.73494,0.04845,0.72839,0.04942,0.75309,0.04791,0.7407,0.0238,0.80277,0.03451
glmnet_rf,0.71605,0.03543,0.72727,0.05075,0.70588,0.04942,0.69136,0.05133,0.74074,0.04869,0.71588,0.02539,0.7931,0.03506
glmnet_xgbTree,0.76543,0.03329,0.76543,0.04708,0.76543,0.04708,0.76543,0.04708,0.76543,0.04708,0.76543,0.02234,0.80826,0.03472
