,Accuracy,Accuracy_SD,Precision_case,Precision_case_SD,Precision_control,Precision_control_SD,Recall_case,Recall_case_SD,Recall_control,Recall_control_SD,F1score,F1score_SD,AUC,AUC_SD
glmboost_lightgbm,0.7284,0.03495,0.76056,0.05064,0.7033,0.04789,0.66667,0.05238,0.79012,0.04525,0.72736,0.02556,0.80064,0.03508
glmboost_rf,0.78395,0.03233,0.81081,0.04553,0.76136,0.04544,0.74074,0.04869,0.81481,0.04316,0.78069,0.02244,0.81009,0.03497
glmboost_xgbTree,0.72222,0.03519,0.725,0.04992,0.71951,0.04961,0.71605,0.0501,0.72839,0.04942,0.72221,0.02473,0.80879,0.0337
glmnet_lightgbm,0.77778,0.03266,0.79221,0.04624,0.76471,0.04601,0.75309,0.04791,0.80247,0.04424,0.77764,0.02368,0.82061,0.03435
glmnet_rf,0.75309,0.03388,0.78873,0.04845,0.72527,0.04679,0.69136,0.05133,0.81481,0.04316,0.75214,0.02516,0.80026,0.03582
glmnet_xgbTree,0.75926,0.03359,0.75,0.04725,0.76923,0.04771,0.77778,0.04619,0.74074,0.04869,0.75918,0.02417,0.81931,0.03362
