,Accuracy,Accuracy_SD,Precision_case,Precision_case_SD,Precision_control,Precision_control_SD,Recall_case,Recall_case_SD,Recall_control,Recall_control_SD,F1score,F1score_SD,AUC,AUC_SD
glmboost_lightgbm,0.79975,0.03306,0.80521,0.0466,0.79489,0.04682,0.79151,0.04747,0.80799,0.04592,0.7997,0.02342,0.87147,0.02979
glmboost_rf,0.83132,0.03087,0.83894,0.04335,0.82496,0.04371,0.8204,0.04457,0.84092,0.0426,0.83091,0.0219,0.90085,0.02553
glmboost_xgbTree,0.81894,0.0318,0.82224,0.04476,0.81654,0.04503,0.81486,0.04533,0.82298,0.04444,0.81887,0.0227,0.89343,0.0263
glmnet_lightgbm,0.81552,0.03208,0.82691,0.04501,0.80532,0.04552,0.79838,0.04688,0.83267,0.04362,0.81543,0.02282,0.88639,0.02747
glmnet_rf,0.82787,0.03119,0.84182,0.04345,0.81559,0.04444,0.80803,0.04597,0.84498,0.04224,0.82713,0.02213,0.89482,0.0266
glmnet_xgbTree,0.8059,0.03268,0.81306,0.04595,0.80006,0.04627,0.79562,0.04706,0.81621,0.0451,0.8058,0.0232,0.88979,0.02698
