,Accuracy,Accuracy_SD,Precision_case,Precision_case_SD,Precision_control,Precision_control_SD,Recall_case,Recall_case_SD,Recall_control,Recall_control_SD,F1score,F1score_SD,AUC,AUC_SD
glmboost_lightgbm,0.79556,0.03328,0.79818,0.04701,0.79331,0.04706,0.79146,0.04739,0.79968,0.04667,0.79554,0.02345,0.86085,0.03037
glmboost_rf,0.79765,0.03315,0.80949,0.04662,0.78707,0.04693,0.77911,0.04842,0.81486,0.0452,0.79722,0.02379,0.88386,0.02759
glmboost_xgbTree,0.80586,0.03264,0.82008,0.04598,0.7937,0.04606,0.78322,0.04786,0.8285,0.04406,0.80568,0.02306,0.88341,0.02747
glmnet_lightgbm,0.79966,0.033,0.80287,0.04651,0.79717,0.04674,0.79553,0.04704,0.80371,0.04616,0.79957,0.02351,0.87163,0.02913
glmnet_rf,0.8148,0.03214,0.82486,0.04517,0.8061,0.04552,0.7997,0.04672,0.82578,0.04434,0.81368,0.02286,0.88849,0.02754
glmnet_xgbTree,0.80036,0.03297,0.80542,0.04631,0.79645,0.0468,0.7942,0.04724,0.80647,0.04581,0.80025,0.02317,0.88331,0.02717
