,Accuracy,Accuracy_SD,Precision_case,Precision_case_SD,Precision_control,Precision_control_SD,Recall_case,Recall_case_SD,Recall_control,Recall_control_SD,F1score,F1score_SD,AUC,AUC_SD
glmboost_lightgbm,0.796321111111111,0.00850872365768381,0.806203111111111,0.0109384390656034,0.788178,0.00943436359081185,0.78097,0.0118141565697491,0.811606,0.0130814817759513,0.796152444444444,0.00850139832229636,0.870208444444444,0.00735458297302238
glmboost_rf,0.812813777777778,0.00886268461505082,0.825126444444444,0.00959933050590593,0.802422666666667,0.00985088699282732,0.794666666666667,0.0115987726623435,0.828369111111111,0.0105917566193162,0.812040888888889,0.0088618733455133,0.887023333333333,0.00641232017291713
glmboost_xgbTree,0.801447333333333,0.00921732001081758,0.808348,0.0106028425862639,0.795942666666667,0.0101874533797037,0.791222888888889,0.0122360626878506,0.811606,0.0123399881022486,0.801309777777778,0.00924120650547144,0.882244444444444,0.00645090851795858
glmnet_lightgbm,0.799125111111111,0.00738823807948769,0.809357333333333,0.0104797921127889,0.790608666666667,0.00728053713053446,0.783617777777778,0.00932874172770488,0.814560444444444,0.0126684656736817,0.798960222222222,0.00737455622359404,0.872750888888889,0.00735046653504581
glmnet_rf,0.815466444444444,0.0101346160073365,0.82682,0.0116691711164699,0.805916444444444,0.010388570020494,0.798983777777778,0.0120293216178577,0.828974222222222,0.0118933045505155,0.814612444444444,0.00993333029286104,0.889134222222222,0.0065238759006956
glmnet_xgbTree,0.803320888888889,0.00856426291001854,0.810458,0.00981294729148458,0.797452222222222,0.00931105864718472,0.792709111111111,0.0110885460605696,0.813888666666667,0.0111560643109069,0.803205111111111,0.00856896026954321,0.882905555555556,0.00659760891795986
