,Accuracy,Accuracy_SD,Precision_case,Precision_case_SD,Precision_control,Precision_control_SD,Recall_case,Recall_case_SD,Recall_control,Recall_control_SD,F1score,F1score_SD,AUC,AUC_SD
glmboost_lightgbm,0.74074,0.03443,0.74074,0.04869,0.74074,0.04869,0.74074,0.04869,0.74074,0.04869,0.74074,0.0244,0.82122,0.03281
glmboost_rf,0.7716,0.03298,0.76829,0.04659,0.775,0.04669,0.77778,0.04619,0.76543,0.04708,0.7716,0.02365,0.83219,0.03207
glmboost_xgbTree,0.72222,0.03519,0.71951,0.04961,0.725,0.04992,0.72839,0.04942,0.71605,0.0501,0.72221,0.02533,0.8424,0.03006
glmnet_lightgbm,0.73457,0.03469,0.74359,0.04944,0.72619,0.04865,0.71605,0.0501,0.75309,0.04791,0.73448,0.02563,0.83783,0.03023
glmnet_rf,0.70988,0.03566,0.70732,0.05025,0.7125,0.0506,0.71605,0.0501,0.7037,0.05074,0.70987,0.02494,0.78563,0.03553
glmnet_xgbTree,0.74074,0.03443,0.72414,0.04792,0.76,0.04932,0.77778,0.04619,0.7037,0.05074,0.74038,0.02523,0.85277,0.02902
