,Accuracy,Accuracy_SD,Precision_case,Precision_case_SD,Precision_control,Precision_control_SD,Recall_case,Recall_case_SD,Recall_control,Recall_control_SD,F1score,F1score_SD,AUC,AUC_SD
glmboost_lightgbm,0.79213,0.03349,0.79617,0.04728,0.78876,0.04736,0.786,0.04785,0.79829,0.04676,0.79208,0.02372,0.86575,0.03008
glmboost_rf,0.80041,0.03303,0.81443,0.0463,0.78837,0.04678,0.77917,0.04846,0.81752,0.04499,0.79927,0.02334,0.88228,0.02782
glmboost_xgbTree,0.79969,0.03305,0.79817,0.04664,0.80325,0.04654,0.80377,0.04616,0.79551,0.04692,0.79949,0.02336,0.8809,0.02786
glmnet_lightgbm,0.80315,0.03289,0.81133,0.0464,0.79594,0.04649,0.79016,0.04753,0.81617,0.04531,0.80307,0.0234,0.8735,0.02923
glmnet_rf,0.81482,0.03206,0.82619,0.04465,0.8058,0.04557,0.79977,0.04671,0.82578,0.04388,0.81364,0.02298,0.88727,0.02691
glmnet_xgbTree,0.80727,0.03263,0.80735,0.04605,0.80787,0.04613,0.80793,0.04605,0.80656,0.0461,0.80721,0.02305,0.88418,0.02719
