,Accuracy,Accuracy_SD,Precision_case,Precision_case_SD,Precision_control,Precision_control_SD,Recall_case,Recall_case_SD,Recall_control,Recall_control_SD,F1score,F1score_SD,AUC,AUC_SD
glmboost_lightgbm,0.69753,0.03609,0.71622,0.05241,0.68182,0.04965,0.65432,0.05284,0.74074,0.04869,0.69696,0.02475,0.7588,0.038
glmboost_rf,0.73457,0.03469,0.75,0.04967,0.72093,0.04837,0.7037,0.05074,0.76543,0.04708,0.73431,0.02469,0.79889,0.03511
glmboost_xgbTree,0.72222,0.03519,0.73684,0.05051,0.7093,0.04897,0.69136,0.05133,0.75309,0.04791,0.72196,0.02483,0.81672,0.03295
glmnet_lightgbm,0.74691,0.03416,0.75641,0.0486,0.7381,0.04797,0.72839,0.04942,0.76543,0.04708,0.74683,0.02427,0.78738,0.03584
glmnet_rf,0.7284,0.03495,0.73418,0.0497,0.72289,0.04913,0.71605,0.0501,0.74074,0.04869,0.72835,0.025,0.79134,0.03564
glmnet_xgbTree,0.75309,0.03388,0.73563,0.04728,0.77333,0.04834,0.79012,0.04525,0.71605,0.0501,0.75275,0.02382,0.79409,0.03585
