,Accuracy,Accuracy_SD,Precision_case,Precision_case_SD,Precision_control,Precision_control_SD,Recall_case,Recall_case_SD,Recall_control,Recall_control_SD,F1score,F1score_SD,AUC,AUC_SD
glmboost_lightgbm,0.79493,0.03342,0.80349,0.04707,0.78778,0.04725,0.78185,0.04829,0.80801,0.04597,0.79481,0.02401,0.87135,0.02963
glmboost_rf,0.81005,0.03237,0.81548,0.04557,0.80575,0.04583,0.80244,0.04641,0.81762,0.04493,0.80995,0.02314,0.8812,0.028
glmboost_xgbTree,0.80317,0.03278,0.80722,0.04629,0.80006,0.04629,0.79696,0.04679,0.80936,0.04576,0.80309,0.02341,0.87608,0.02847
glmnet_lightgbm,0.80521,0.03276,0.81592,0.04606,0.79571,0.04641,0.78876,0.04771,0.82165,0.0447,0.80511,0.02339,0.87255,0.02936
glmnet_rf,0.79906,0.0331,0.81474,0.04646,0.78628,0.04673,0.77496,0.04862,0.82306,0.04445,0.7988,0.0234,0.88181,0.02756
glmnet_xgbTree,0.79423,0.03339,0.80107,0.04715,0.78853,0.04714,0.78318,0.04801,0.80519,0.04621,0.79411,0.02359,0.87621,0.02844
