,Accuracy,Accuracy_SD,Precision_case,Precision_case_SD,Precision_control,Precision_control_SD,Recall_case,Recall_case_SD,Recall_control,Recall_control_SD,F1score,F1score_SD,AUC,AUC_SD
glmboost_lightgbm,0.78942,0.03369,0.79472,0.04745,0.78553,0.04762,0.78185,0.04821,0.79701,0.04682,0.78932,0.02389,0.86453,0.03013
glmboost_rf,0.82031,0.03174,0.8338,0.04423,0.8086,0.04517,0.80107,0.04667,0.83406,0.04329,0.81887,0.02263,0.88858,0.02677
glmboost_xgbTree,0.81071,0.03238,0.81878,0.04558,0.80347,0.04589,0.79834,0.04687,0.82308,0.04456,0.81064,0.02304,0.89612,0.02538
glmnet_lightgbm,0.78666,0.03387,0.78572,0.04787,0.78811,0.04789,0.78866,0.04769,0.78459,0.04802,0.78659,0.02396,0.87112,0.02907
glmnet_rf,0.8107,0.03238,0.81366,0.04564,0.80848,0.0458,0.80658,0.04612,0.81345,0.04542,0.81031,0.0228,0.88533,0.02756
glmnet_xgbTree,0.80793,0.03255,0.8112,0.04584,0.80574,0.04605,0.80379,0.04636,0.81206,0.0455,0.80785,0.02308,0.88539,0.02708
