,Accuracy,Accuracy_SD,Precision_case,Precision_case_SD,Precision_control,Precision_control_SD,Recall_case,Recall_case_SD,Recall_control,Recall_control_SD,F1score,F1score_SD,AUC,AUC_SD
glmboost_lightgbm,0.7716,0.03298,0.78947,0.04676,0.75581,0.04633,0.74074,0.04869,0.80247,0.04424,0.77139,0.02364,0.82556,0.03253
glmboost_rf,0.75926,0.03359,0.7561,0.04742,0.7625,0.04758,0.76543,0.04708,0.74074,0.04869,0.7561,0.02347,0.81017,0.0352
glmboost_xgbTree,0.70988,0.03566,0.72368,0.05129,0.69767,0.04952,0.67901,0.05187,0.74074,0.04869,0.7096,0.02545,0.80247,0.03418
glmnet_lightgbm,0.72222,0.03519,0.73077,0.05022,0.71429,0.04929,0.7037,0.05074,0.74074,0.04869,0.72213,0.0245,0.78685,0.03586
glmnet_rf,0.69753,0.03609,0.7,0.05123,0.69512,0.05084,0.69136,0.05133,0.7037,0.05074,0.69752,0.02556,0.78951,0.03548
glmnet_xgbTree,0.75926,0.03359,0.75,0.04725,0.76923,0.04771,0.77778,0.04619,0.74074,0.04869,0.75918,0.02284,0.82198,0.03282
