,Accuracy,Accuracy_SD,Precision_case,Precision_case_SD,Precision_control,Precision_control_SD,Recall_case,Recall_case_SD,Recall_control,Recall_control_SD,F1score,F1score_SD,AUC,AUC_SD
glmboost_lightgbm,0.7284,0.03495,0.71765,0.04882,0.74026,0.04997,0.75309,0.04791,0.7037,0.05074,0.72823,0.02444,0.77244,0.03716
glmboost_rf,0.69753,0.03609,0.69512,0.05084,0.7,0.05123,0.7037,0.05074,0.69136,0.05133,0.69752,0.02635,0.78555,0.03566
glmboost_xgbTree,0.7284,0.03495,0.74026,0.04997,0.71765,0.04882,0.7037,0.05074,0.75309,0.04791,0.72823,0.02452,0.79927,0.0359
glmnet_lightgbm,0.70988,0.03566,0.70732,0.05025,0.7125,0.0506,0.71605,0.0501,0.7037,0.05074,0.70987,0.02515,0.75377,0.03787
glmnet_rf,0.72222,0.03519,0.73684,0.05051,0.7093,0.04897,0.69136,0.05133,0.75309,0.04791,0.72196,0.02546,0.77564,0.03667
glmnet_xgbTree,0.70988,0.03566,0.72368,0.05129,0.69767,0.04952,0.67901,0.05187,0.74074,0.04869,0.7096,0.02577,0.77442,0.03696
