,Accuracy,Accuracy_SD,Precision_case,Precision_case_SD,Precision_control,Precision_control_SD,Recall_case,Recall_case_SD,Recall_control,Recall_control_SD,F1score,F1score_SD,AUC,AUC_SD
glmboost_lightgbm,0.77778,0.03266,0.8,0.04619,0.75862,0.04588,0.74074,0.04869,0.81481,0.04316,0.77747,0.02338,0.83112,0.03257
glmboost_rf,0.7716,0.03298,0.7619,0.04647,0.78205,0.04675,0.79012,0.04525,0.75309,0.04791,0.77153,0.02394,0.81565,0.03368
glmboost_xgbTree,0.74074,0.03443,0.77465,0.04959,0.71429,0.04736,0.67901,0.05187,0.80247,0.04424,0.73975,0.02516,0.83615,0.03101
glmnet_lightgbm,0.74691,0.03416,0.77778,0.049,0.72222,0.04721,0.69136,0.05133,0.80247,0.04424,0.74613,0.02417,0.81489,0.03338
glmnet_rf,0.7716,0.03298,0.78947,0.04676,0.75581,0.04633,0.74074,0.04869,0.80247,0.04424,0.77139,0.02355,0.8184,0.03362
glmnet_xgbTree,0.75309,0.03388,0.75949,0.04809,0.74699,0.04772,0.74074,0.04869,0.76543,0.04708,0.75305,0.02469,0.81512,0.03406
