,Accuracy,Accuracy_SD,Precision_case,Precision_case_SD,Precision_control,Precision_control_SD,Recall_case,Recall_case_SD,Recall_control,Recall_control_SD,F1score,F1score_SD,AUC,AUC_SD
glmboost_lightgbm,0.77776,0.0343,0.78119,0.04846,0.77483,0.04849,0.77228,0.04892,0.78326,0.048,0.77771,0.02433,0.85782,0.03047
glmboost_rf,0.80521,0.03271,0.81687,0.04596,0.79516,0.04631,0.78737,0.04772,0.81341,0.04547,0.80279,0.02331,0.87539,0.02903
glmboost_xgbTree,0.78053,0.03412,0.77737,0.04813,0.78435,0.04833,0.7874,0.04772,0.77367,0.04867,0.78045,0.0245,0.86384,0.02969
glmnet_lightgbm,0.78801,0.03367,0.7927,0.04738,0.78465,0.04762,0.78189,0.04809,0.79416,0.04687,0.78792,0.02382,0.85874,0.03061
glmnet_rf,0.80107,0.03301,0.8123,0.04634,0.79214,0.04667,0.78461,0.04795,0.81752,0.04496,0.80088,0.02373,0.87942,0.02839
glmnet_xgbTree,0.78464,0.03396,0.79077,0.0478,0.78016,0.04808,0.77637,0.04868,0.79285,0.04708,0.78447,0.02384,0.86171,0.03016
