,Accuracy,Accuracy_SD,Precision_case,Precision_case_SD,Precision_control,Precision_control_SD,Recall_case,Recall_case_SD,Recall_control,Recall_control_SD,F1score,F1score_SD,AUC,AUC_SD
glmboost_lightgbm,0.74074,0.03443,0.74684,0.04892,0.73494,0.04845,0.72839,0.04942,0.75309,0.04791,0.7407,0.02385,0.80719,0.03413
glmboost_rf,0.78395,0.03233,0.80263,0.04566,0.76744,0.04556,0.75309,0.04791,0.81481,0.04316,0.78374,0.02363,0.82472,0.0331
glmboost_xgbTree,0.7284,0.03495,0.74026,0.04997,0.71765,0.04882,0.7037,0.05074,0.75309,0.04791,0.72823,0.02473,0.81291,0.0336
glmnet_lightgbm,0.74691,0.03416,0.75641,0.0486,0.7381,0.04797,0.72839,0.04942,0.76543,0.04708,0.74683,0.02443,0.8203,0.03276
glmnet_rf,0.75309,0.03388,0.75949,0.04809,0.74699,0.04772,0.74074,0.04869,0.76543,0.04708,0.75305,0.0244,0.82472,0.03316
glmnet_xgbTree,0.73457,0.03469,0.75676,0.04987,0.71591,0.04807,0.69136,0.05133,0.77778,0.04619,0.73407,0.02505,0.8126,0.03434
