,Accuracy,Accuracy_SD,Precision_case,Precision_case_SD,Precision_control,Precision_control_SD,Recall_case,Recall_case_SD,Recall_control,Recall_control_SD,F1score,F1score_SD,AUC,AUC_SD
glmboost_lightgbm,0.78734,0.03371,0.79677,0.04759,0.77949,0.04758,0.77218,0.04877,0.80247,0.04628,0.78717,0.02406,0.85782,0.03086
glmboost_rf,0.8148,0.03201,0.8249,0.04502,0.80677,0.04521,0.79968,0.04639,0.8258,0.04417,0.81357,0.02278,0.88578,0.02754
glmboost_xgbTree,0.81412,0.03215,0.81567,0.04543,0.81349,0.04537,0.81202,0.04553,0.81619,0.04524,0.81405,0.02294,0.88597,0.02724
glmnet_lightgbm,0.79217,0.03344,0.8023,0.04692,0.7837,0.04743,0.77776,0.04854,0.80662,0.04571,0.79202,0.02369,0.8663,0.03009
glmnet_rf,0.80657,0.03262,0.81515,0.04601,0.7989,0.04613,0.79281,0.04723,0.8203,0.04486,0.80648,0.02349,0.88652,0.02752
glmnet_xgbTree,0.81003,0.03236,0.81847,0.0454,0.80357,0.04582,0.79836,0.04671,0.82161,0.04444,0.80987,0.02305,0.88145,0.02769
