,Accuracy,Accuracy_SD,Precision_case,Precision_case_SD,Precision_control,Precision_control_SD,Recall_case,Recall_case_SD,Recall_control,Recall_control_SD,F1score,F1score_SD,AUC,AUC_SD
glmboost_lightgbm,0.7716,0.03298,0.78947,0.04676,0.75581,0.04633,0.74074,0.04869,0.80247,0.04424,0.77139,0.02399,0.82457,0.03339
glmboost_rf,0.78395,0.03233,0.80263,0.04566,0.76744,0.04556,0.75309,0.04791,0.81481,0.04316,0.78374,0.02326,0.8136,0.03426
glmboost_xgbTree,0.75926,0.03359,0.77632,0.0478,0.74419,0.04705,0.72839,0.04942,0.79012,0.04525,0.75903,0.02493,0.82907,0.0323
glmnet_lightgbm,0.75926,0.03359,0.76923,0.04771,0.75,0.04725,0.74074,0.04869,0.77778,0.04619,0.75918,0.02363,0.81291,0.03392
glmnet_rf,0.75309,0.03388,0.77333,0.04834,0.73563,0.04728,0.71605,0.0501,0.79012,0.04525,0.75275,0.02306,0.82335,0.03281
glmnet_xgbTree,0.75309,0.03388,0.76623,0.04823,0.74118,0.04751,0.72839,0.04942,0.77778,0.04619,0.75294,0.02378,0.8155,0.03367
