,Accuracy,Accuracy_SD,Precision_case,Precision_case_SD,Precision_control,Precision_control_SD,Recall_case,Recall_case_SD,Recall_control,Recall_control_SD,F1score,F1score_SD,AUC,AUC_SD
glmboost_lightgbm,0.79972,0.03311,0.80766,0.04668,0.79299,0.04679,0.78739,0.04777,0.81206,0.04564,0.79962,0.02346,0.86992,0.02951
glmboost_rf,0.81,0.03241,0.82269,0.04537,0.79918,0.04599,0.7915,0.04744,0.82576,0.04413,0.80921,0.02303,0.87854,0.02849
glmboost_xgbTree,0.82029,0.0317,0.83078,0.04411,0.81181,0.0451,0.8066,0.04614,0.83398,0.04308,0.82017,0.02235,0.88652,0.02732
glmnet_lightgbm,0.80384,0.03285,0.81365,0.04624,0.79559,0.04644,0.7887,0.04764,0.81891,0.04497,0.8037,0.02328,0.87406,0.02914
glmnet_rf,0.80108,0.03291,0.8143,0.04606,0.78964,0.04674,0.78191,0.04823,0.81752,0.04482,0.8003,0.02349,0.87796,0.02862
glmnet_xgbTree,0.80111,0.03295,0.80614,0.04655,0.79666,0.04657,0.79292,0.04723,0.80934,0.04586,0.80107,0.0235,0.88091,0.02762
