,Accuracy,Accuracy_SD,Precision_case,Precision_case_SD,Precision_control,Precision_control_SD,Recall_case,Recall_case_SD,Recall_control,Recall_control_SD,F1score,F1score_SD,AUC,AUC_SD
glmboost_lightgbm,0.79831,0.03313,0.80835,0.04682,0.78997,0.04668,0.78183,0.04799,0.81478,0.0454,0.79815,0.02348,0.87205,0.02909
glmboost_rf,0.80107,0.03299,0.80775,0.0466,0.79499,0.04664,0.79011,0.04752,0.80654,0.04616,0.79968,0.02338,0.8819,0.02784
glmboost_xgbTree,0.8031,0.03278,0.80763,0.04639,0.79969,0.04618,0.79551,0.04679,0.81069,0.04571,0.803,0.02334,0.87722,0.02812
glmnet_lightgbm,0.7997,0.03312,0.81372,0.04658,0.78735,0.04686,0.77774,0.04861,0.82165,0.04475,0.79955,0.0239,0.859,0.03102
glmnet_rf,0.82098,0.03169,0.83136,0.04453,0.81178,0.04489,0.80519,0.04615,0.83402,0.04351,0.82023,0.02263,0.88448,0.02789
glmnet_xgbTree,0.786,0.0338,0.79145,0.04786,0.7813,0.04767,0.77641,0.04844,0.79559,0.04703,0.78592,0.02403,0.87494,0.02833
