,Accuracy,Accuracy_SD,Precision_case,Precision_case_SD,Precision_control,Precision_control_SD,Recall_case,Recall_case_SD,Recall_control,Recall_control_SD,F1score,F1score_SD,AUC,AUC_SD
glmboost_lightgbm,0.79766,0.03313,0.80245,0.04676,0.79347,0.04688,0.79007,0.04747,0.80523,0.04612,0.79759,0.02355,0.86953,0.02942
glmboost_rf,0.81963,0.03177,0.83094,0.04439,0.81034,0.0451,0.80392,0.04631,0.83122,0.04356,0.81848,0.02264,0.89505,0.02659
glmboost_xgbTree,0.80318,0.0328,0.81154,0.04618,0.79558,0.04647,0.79014,0.04751,0.81619,0.04512,0.80312,0.02315,0.88322,0.02697
glmnet_lightgbm,0.79903,0.03315,0.80796,0.04646,0.79273,0.04693,0.78731,0.04779,0.81065,0.04547,0.79879,0.02362,0.87693,0.02848
glmnet_rf,0.8258,0.03136,0.8339,0.04391,0.81907,0.04454,0.81484,0.04538,0.83128,0.04366,0.82437,0.02225,0.89428,0.02665
glmnet_xgbTree,0.80937,0.03231,0.81329,0.04551,0.80642,0.04569,0.80386,0.04611,0.81482,0.04506,0.80929,0.02302,0.88743,0.027
