,Accuracy,Accuracy_SD,Precision_case,Precision_case_SD,Precision_control,Precision_control_SD,Recall_case,Recall_case_SD,Recall_control,Recall_control_SD,F1score,F1score_SD,AUC,AUC_SD
glmboost_lightgbm,0.75309,0.03388,0.78873,0.04845,0.72527,0.04679,0.69136,0.05133,0.81481,0.04316,0.75214,0.02392,0.83112,0.03235
glmboost_rf,0.7716,0.03298,0.7973,0.04673,0.75,0.04616,0.72839,0.04942,0.80247,0.04424,0.76832,0.02221,0.81405,0.03403
glmboost_xgbTree,0.74074,0.03443,0.74074,0.04869,0.74074,0.04869,0.74074,0.04869,0.74074,0.04869,0.74074,0.02522,0.80056,0.03469
glmnet_lightgbm,0.78395,0.03233,0.80263,0.04566,0.76744,0.04556,0.75309,0.04791,0.81481,0.04316,0.78374,0.02297,0.8472,0.03101
glmnet_rf,0.71605,0.03543,0.72727,0.05075,0.70588,0.04942,0.69136,0.05133,0.74074,0.04869,0.71588,0.02554,0.80948,0.03369
glmnet_xgbTree,0.75309,0.03388,0.76623,0.04823,0.74118,0.04751,0.72839,0.04942,0.77778,0.04619,0.75294,0.02466,0.81466,0.0337
