,Accuracy,Accuracy_SD,Precision_case,Precision_case_SD,Precision_control,Precision_control_SD,Recall_case,Recall_case_SD,Recall_control,Recall_control_SD,F1score,F1score_SD,AUC,AUC_SD
glmboost_lightgbm,0.79427,0.03342,0.80495,0.04711,0.78614,0.04707,0.77782,0.04837,0.81073,0.04568,0.79404,0.02383,0.86792,0.02979
glmboost_rf,0.81619,0.03196,0.83234,0.04481,0.80234,0.04524,0.79155,0.04718,0.83811,0.04303,0.81535,0.02267,0.8922,0.02672
glmboost_xgbTree,0.79495,0.03333,0.8014,0.04704,0.78967,0.04704,0.78472,0.04785,0.80523,0.04617,0.79486,0.02386,0.88102,0.02763
glmnet_lightgbm,0.80247,0.03289,0.81257,0.04622,0.79471,0.04643,0.7874,0.0476,0.8175,0.04496,0.80227,0.02373,0.87411,0.02906
glmnet_rf,0.8107,0.03236,0.82792,0.04531,0.7961,0.04583,0.78461,0.04787,0.83676,0.04314,0.81047,0.02293,0.88873,0.02678
glmnet_xgbTree,0.80386,0.0328,0.81701,0.04612,0.79223,0.04642,0.7833,0.04806,0.82443,0.04441,0.80373,0.02323,0.88296,0.0271
