,Accuracy,Accuracy_SD,Precision_case,Precision_case_SD,Precision_control,Precision_control_SD,Recall_case,Recall_case_SD,Recall_control,Recall_control_SD,F1score,F1score_SD,AUC,AUC_SD
glmboost_lightgbm,0.80111,0.03299,0.81393,0.04651,0.79011,0.04656,0.78052,0.0482,0.82165,0.04477,0.80094,0.02352,0.86566,0.02987
glmboost_rf,0.81345,0.03223,0.83121,0.04499,0.7988,0.04567,0.78737,0.0477,0.83535,0.04326,0.81218,0.02306,0.88519,0.02753
glmboost_xgbTree,0.80523,0.0326,0.81784,0.04545,0.79435,0.04639,0.78739,0.04778,0.82315,0.04404,0.80513,0.02313,0.88782,0.02647
glmnet_lightgbm,0.80591,0.03263,0.82026,0.04574,0.7945,0.04611,0.78463,0.04776,0.82711,0.04397,0.80565,0.02319,0.87522,0.02866
glmnet_rf,0.82375,0.03149,0.83578,0.04381,0.81443,0.04475,0.80797,0.04595,0.83811,0.04272,0.82323,0.02237,0.89743,0.02593
glmnet_xgbTree,0.80247,0.03295,0.81084,0.04635,0.79549,0.04665,0.79005,0.04762,0.81484,0.04532,0.80234,0.02349,0.88338,0.02735
