,Accuracy,Accuracy_SD,Precision_case,Precision_case_SD,Precision_control,Precision_control_SD,Recall_case,Recall_case_SD,Recall_control,Recall_control_SD,F1score,F1score_SD,AUC,AUC_SD
glmboost_lightgbm,0.71605,0.03543,0.73973,0.05136,0.69663,0.04873,0.66667,0.05238,0.76543,0.04708,0.71536,0.02511,0.79774,0.03474
glmboost_rf,0.73457,0.03469,0.75,0.04967,0.72093,0.04837,0.7037,0.05074,0.76543,0.04708,0.73431,0.02468,0.7905,0.03587
glmboost_xgbTree,0.75309,0.03388,0.77333,0.04834,0.73563,0.04728,0.71605,0.0501,0.79012,0.04525,0.75275,0.02435,0.8107,0.03449
glmnet_lightgbm,0.76543,0.03329,0.77922,0.04727,0.75294,0.04678,0.74074,0.04869,0.79012,0.04525,0.76529,0.0235,0.82388,0.03291
glmnet_rf,0.77778,0.03266,0.77778,0.04619,0.77778,0.04619,0.77778,0.04619,0.77778,0.04619,0.77778,0.02289,0.82647,0.03281
glmnet_xgbTree,0.73457,0.03469,0.75,0.04967,0.72093,0.04837,0.7037,0.05074,0.76543,0.04708,0.73431,0.02524,0.80887,0.03341
