,Accuracy,Accuracy_SD,Precision_case,Precision_case_SD,Precision_control,Precision_control_SD,Recall_case,Recall_case_SD,Recall_control,Recall_control_SD,F1score,F1score_SD,AUC,AUC_SD
glmboost_lightgbm,0.74074,0.03443,0.74684,0.04892,0.73494,0.04845,0.72839,0.04942,0.75309,0.04791,0.7407,0.02446,0.81847,0.03341
glmboost_rf,0.74691,0.03416,0.76316,0.04877,0.73256,0.04773,0.71605,0.0501,0.77778,0.04619,0.74667,0.02346,0.83013,0.03181
glmboost_xgbTree,0.75926,0.03359,0.7625,0.04758,0.7561,0.04742,0.75309,0.04791,0.76543,0.04708,0.75925,0.02448,0.8315,0.03149
glmnet_lightgbm,0.75926,0.03359,0.76923,0.04771,0.75,0.04725,0.74074,0.04869,0.77778,0.04619,0.75918,0.02398,0.82564,0.03252
glmnet_rf,0.72222,0.03519,0.73684,0.05051,0.7093,0.04897,0.69136,0.05133,0.75309,0.04791,0.72196,0.02575,0.79348,0.03561
glmnet_xgbTree,0.75309,0.03388,0.76623,0.04823,0.74118,0.04751,0.72839,0.04942,0.77778,0.04619,0.75294,0.02448,0.82716,0.03186
