,Accuracy,Accuracy_SD,Precision_case,Precision_case_SD,Precision_control,Precision_control_SD,Recall_case,Recall_case_SD,Recall_control,Recall_control_SD,F1score,F1score_SD,AUC,AUC_SD
glmboost_lightgbm,0.78395,0.03233,0.79487,0.04572,0.77381,0.04565,0.76543,0.04708,0.80247,0.04424,0.78388,0.0235,0.84027,0.0318
glmboost_rf,0.73457,0.03469,0.74359,0.04944,0.72619,0.04865,0.71605,0.0501,0.75309,0.04791,0.73448,0.02483,0.80872,0.03457
glmboost_xgbTree,0.76543,0.03329,0.75294,0.04678,0.77922,0.04727,0.79012,0.04525,0.74074,0.04869,0.76529,0.02413,0.82533,0.03255
glmnet_lightgbm,0.78395,0.03233,0.79487,0.04572,0.77381,0.04565,0.76543,0.04708,0.80247,0.04424,0.78388,0.02284,0.82053,0.03382
glmnet_rf,0.7716,0.03298,0.78205,0.04675,0.7619,0.04647,0.75309,0.04791,0.79012,0.04525,0.77153,0.02276,0.82876,0.03288
glmnet_xgbTree,0.76543,0.03329,0.76543,0.04708,0.76543,0.04708,0.76543,0.04708,0.76543,0.04708,0.76543,0.02289,0.85162,0.02961
