,Accuracy,Accuracy_SD,Precision_case,Precision_case_SD,Precision_control,Precision_control_SD,Recall_case,Recall_case_SD,Recall_control,Recall_control_SD,F1score,F1score_SD,AUC,AUC_SD
glmboost_lightgbm,0.79078,0.03363,0.80526,0.04734,0.77895,0.04742,0.76815,0.04921,0.81341,0.04542,0.79055,0.02394,0.86396,0.03038
glmboost_rf,0.80586,0.03266,0.82091,0.04578,0.79346,0.04618,0.78324,0.04796,0.82711,0.04407,0.80533,0.02335,0.88017,0.02876
glmboost_xgbTree,0.81001,0.03241,0.82351,0.04534,0.79842,0.04599,0.79013,0.04755,0.82989,0.04373,0.80987,0.02312,0.88834,0.02697
glmnet_lightgbm,0.79765,0.03318,0.81201,0.04665,0.78484,0.04696,0.77502,0.04877,0.81891,0.04491,0.79719,0.02399,0.86186,0.03038
glmnet_rf,0.8162,0.03198,0.82888,0.04494,0.80633,0.04509,0.79705,0.04659,0.83261,0.04358,0.81528,0.02285,0.8854,0.02794
glmnet_xgbTree,0.80862,0.03248,0.82801,0.04523,0.79262,0.04608,0.78044,0.04828,0.8368,0.04293,0.80836,0.02317,0.88223,0.02758
