,Accuracy,Accuracy_SD,Precision_case,Precision_case_SD,Precision_control,Precision_control_SD,Recall_case,Recall_case_SD,Recall_control,Recall_control_SD,F1score,F1score_SD,AUC,AUC_SD
glmboost_lightgbm,0.75309,0.03388,0.76623,0.04823,0.74118,0.04751,0.72839,0.04942,0.77778,0.04619,0.75294,0.02387,0.80971,0.03438
glmboost_rf,0.78395,0.03233,0.7875,0.04574,0.78049,0.04571,0.77778,0.04619,0.79012,0.04525,0.78394,0.02234,0.81763,0.03446
glmboost_xgbTree,0.75309,0.03388,0.75949,0.04809,0.74699,0.04772,0.74074,0.04869,0.76543,0.04708,0.75305,0.02445,0.81497,0.03329
glmnet_lightgbm,0.75926,0.03359,0.77632,0.0478,0.74419,0.04705,0.72839,0.04942,0.79012,0.04525,0.75903,0.02396,0.80719,0.03447
glmnet_rf,0.74691,0.03416,0.7439,0.0482,0.75,0.04841,0.75309,0.04791,0.74074,0.04869,0.7469,0.025,0.81375,0.03343
glmnet_xgbTree,0.74074,0.03443,0.77465,0.04959,0.71429,0.04736,0.67901,0.05187,0.80247,0.04424,0.73975,0.02458,0.82884,0.0327
