,Accuracy,Accuracy_SD,Precision_case,Precision_case_SD,Precision_control,Precision_control_SD,Recall_case,Recall_case_SD,Recall_control,Recall_control_SD,F1score,F1score_SD,AUC,AUC_SD
glmboost_lightgbm,0.74074,0.03443,0.74684,0.04892,0.73494,0.04845,0.72839,0.04942,0.75309,0.04791,0.7407,0.02527,0.81139,0.03361
glmboost_rf,0.73457,0.03469,0.74359,0.04944,0.72619,0.04865,0.71605,0.0501,0.75309,0.04791,0.73448,0.0247,0.80087,0.03481
glmboost_xgbTree,0.70988,0.03566,0.72368,0.05129,0.69767,0.04952,0.67901,0.05187,0.74074,0.04869,0.7096,0.02575,0.80735,0.03364
glmnet_lightgbm,0.75309,0.03388,0.74699,0.04772,0.75949,0.04809,0.76543,0.04708,0.74074,0.04869,0.75305,0.02359,0.83143,0.03195
glmnet_rf,0.69136,0.03629,0.70667,0.05257,0.67816,0.05009,0.65432,0.05284,0.72839,0.04942,0.69093,0.02608,0.77374,0.03672
glmnet_xgbTree,0.76543,0.03329,0.75904,0.04694,0.77215,0.04719,0.77778,0.04619,0.75309,0.04791,0.7654,0.0241,0.81763,0.03293
