,Accuracy,Accuracy_SD,Precision_case,Precision_case_SD,Precision_control,Precision_control_SD,Recall_case,Recall_case_SD,Recall_control,Recall_control_SD,F1score,F1score_SD,AUC,AUC_SD
glmboost_lightgbm,0.79076,0.03354,0.78916,0.04737,0.79272,0.04746,0.7942,0.04716,0.78729,0.04765,0.79071,0.02384,0.87045,0.029
glmboost_rf,0.80589,0.03269,0.81951,0.04573,0.79435,0.04637,0.78602,0.04793,0.82441,0.04426,0.8054,0.0232,0.88152,0.0282
glmboost_xgbTree,0.80309,0.03276,0.80439,0.04636,0.80302,0.04607,0.80103,0.04625,0.80517,0.04615,0.80301,0.0232,0.882,0.02752
glmnet_lightgbm,0.78529,0.03392,0.7819,0.04797,0.78913,0.04792,0.7915,0.0474,0.77911,0.04846,0.78525,0.02408,0.86726,0.02959
glmnet_rf,0.80729,0.03256,0.81335,0.04585,0.80231,0.04606,0.79836,0.04677,0.81345,0.04537,0.80652,0.02328,0.88455,0.02788
glmnet_xgbTree,0.81617,0.03191,0.81632,0.04516,0.81667,0.045,0.81621,0.04499,0.8161,0.04513,0.81611,0.02256,0.89303,0.02602
