,Accuracy,Accuracy_SD,Precision_case,Precision_case_SD,Precision_control,Precision_control_SD,Recall_case,Recall_case_SD,Recall_control,Recall_control_SD,F1score,F1score_SD,AUC,AUC_SD
glmboost_lightgbm,0.77983,0.03427,0.78537,0.04844,0.77533,0.04838,0.77089,0.04909,0.78877,0.04766,0.77973,0.02449,0.86432,0.02986
glmboost_rf,0.79695,0.03316,0.81224,0.0463,0.78438,0.04704,0.77498,0.04874,0.81745,0.04464,0.79639,0.02352,0.87533,0.02848
glmboost_xgbTree,0.78669,0.03381,0.78603,0.04778,0.78866,0.04774,0.78876,0.04751,0.78457,0.04789,0.78654,0.02404,0.87272,0.02875
glmnet_lightgbm,0.7853,0.03386,0.79505,0.04777,0.77671,0.04784,0.76952,0.0491,0.8011,0.04644,0.7852,0.02426,0.85607,0.03151
glmnet_rf,0.79765,0.03323,0.81313,0.0467,0.78428,0.04702,0.77361,0.04891,0.82022,0.04481,0.79711,0.02379,0.87745,0.02863
glmnet_xgbTree,0.79219,0.03349,0.78932,0.04729,0.79699,0.04716,0.79838,0.04661,0.78602,0.04774,0.79202,0.02374,0.87811,0.02812
