,Accuracy,Accuracy_SD,Precision_case,Precision_case_SD,Precision_control,Precision_control_SD,Recall_case,Recall_case_SD,Recall_control,Recall_control_SD,F1score,F1score_SD,AUC,AUC_SD
glmboost_lightgbm,0.77778,0.03266,0.79221,0.04624,0.76471,0.04601,0.75309,0.04791,0.80247,0.04424,0.77764,0.02367,0.83044,0.0325
glmboost_rf,0.73457,0.03469,0.76389,0.05005,0.71111,0.04778,0.67901,0.05187,0.79012,0.04525,0.73375,0.02605,0.8184,0.03381
glmboost_xgbTree,0.74074,0.03443,0.76,0.04932,0.72414,0.04792,0.7037,0.05074,0.77778,0.04619,0.74038,0.02424,0.82137,0.03272
glmnet_lightgbm,0.7037,0.03588,0.71429,0.05148,0.69412,0.04998,0.67901,0.05187,0.72839,0.04942,0.70352,0.02662,0.79942,0.03488
glmnet_rf,0.74074,0.03443,0.76,0.04932,0.72414,0.04792,0.7037,0.05074,0.77778,0.04619,0.74038,0.02449,0.81824,0.03333
glmnet_xgbTree,0.77778,0.03266,0.77778,0.04619,0.77778,0.04619,0.77778,0.04619,0.77778,0.04619,0.77778,0.02355,0.84675,0.02961
