,Accuracy,Accuracy_SD,Precision_case,Precision_case_SD,Precision_control,Precision_control_SD,Recall_case,Recall_case_SD,Recall_control,Recall_control_SD,F1score,F1score_SD,AUC,AUC_SD
glmboost_lightgbm,0.76543,0.03329,0.77215,0.04719,0.75904,0.04694,0.75309,0.04791,0.77778,0.04619,0.7654,0.02319,0.81481,0.03411
glmboost_rf,0.72222,0.03519,0.75714,0.05125,0.69565,0.04797,0.65432,0.05284,0.77778,0.04619,0.71821,0.02584,0.80407,0.03449
glmboost_xgbTree,0.71605,0.03543,0.73973,0.05136,0.69663,0.04873,0.66667,0.05238,0.76543,0.04708,0.71536,0.02605,0.82686,0.03194
glmnet_lightgbm,0.77778,0.03266,0.78481,0.04624,0.77108,0.04612,0.76543,0.04708,0.79012,0.04525,0.77774,0.02334,0.83371,0.03178
glmnet_rf,0.72222,0.03519,0.725,0.04992,0.71951,0.04961,0.71605,0.0501,0.72839,0.04942,0.72221,0.02456,0.79592,0.03519
glmnet_xgbTree,0.72222,0.03519,0.75,0.05103,0.7,0.0483,0.66667,0.05238,0.77778,0.04619,0.72136,0.02655,0.8312,0.03167
