,Accuracy,Accuracy_SD,Precision_case,Precision_case_SD,Precision_control,Precision_control_SD,Recall_case,Recall_case_SD,Recall_control,Recall_control_SD,F1score,F1score_SD,AUC,AUC_SD
glmboost_lightgbm,0.79012,0.03199,0.82192,0.04478,0.76404,0.04501,0.74074,0.04869,0.83951,0.04078,0.78961,0.02311,0.81847,0.03431
glmboost_rf,0.75309,0.03388,0.75949,0.04809,0.74699,0.04772,0.74074,0.04869,0.76543,0.04708,0.75305,0.02485,0.80895,0.03496
glmboost_xgbTree,0.74074,0.03443,0.76,0.04932,0.72414,0.04792,0.7037,0.05074,0.77778,0.04619,0.74038,0.02509,0.81078,0.0349
glmnet_lightgbm,0.7284,0.03495,0.74667,0.05022,0.71264,0.04852,0.69136,0.05133,0.76543,0.04708,0.72802,0.02486,0.81413,0.03313
glmnet_rf,0.7716,0.03298,0.76829,0.04659,0.775,0.04669,0.77778,0.04619,0.76543,0.04708,0.7716,0.02372,0.80506,0.03547
glmnet_xgbTree,0.73457,0.03469,0.75676,0.04987,0.71591,0.04807,0.69136,0.05133,0.77778,0.04619,0.73407,0.02574,0.80399,0.03422
