,Accuracy,Accuracy_SD,Precision_case,Precision_case_SD,Precision_control,Precision_control_SD,Recall_case,Recall_case_SD,Recall_control,Recall_control_SD,F1score,F1score_SD,AUC,AUC_SD
glmboost_lightgbm,0.75309,0.03388,0.75309,0.04791,0.75309,0.04791,0.75309,0.04791,0.75309,0.04791,0.75309,0.02347,0.81863,0.03388
glmboost_rf,0.74691,0.03416,0.75641,0.0486,0.7381,0.04797,0.72839,0.04942,0.76543,0.04708,0.74683,0.02472,0.81321,0.03421
glmboost_xgbTree,0.78395,0.03233,0.78049,0.04571,0.7875,0.04574,0.79012,0.04525,0.77778,0.04619,0.78394,0.0224,0.84469,0.03064
glmnet_lightgbm,0.77778,0.03266,0.77108,0.04612,0.78481,0.04624,0.79012,0.04525,0.76543,0.04708,0.77774,0.02257,0.8139,0.03431
glmnet_rf,0.70988,0.03566,0.73611,0.05194,0.68889,0.0488,0.65432,0.05284,0.75309,0.04791,0.70618,0.02556,0.77595,0.03626
glmnet_xgbTree,0.75309,0.03388,0.75949,0.04809,0.74699,0.04772,0.74074,0.04869,0.76543,0.04708,0.75305,0.02384,0.8296,0.03138
