,Accuracy,Accuracy_SD,Precision_case,Precision_case_SD,Precision_control,Precision_control_SD,Recall_case,Recall_case_SD,Recall_control,Recall_control_SD,F1score,F1score_SD,AUC,AUC_SD
glmboost_lightgbm,0.80453,0.03266,0.79685,0.04631,0.81407,0.04577,0.8176,0.04469,0.79144,0.04732,0.80437,0.02325,0.87851,0.02776
glmboost_rf,0.81067,0.03233,0.81156,0.04554,0.81093,0.04574,0.81071,0.04569,0.80925,0.04568,0.81024,0.02296,0.8833,0.0279
glmboost_xgbTree,0.8121,0.03227,0.8122,0.04551,0.81355,0.04553,0.81349,0.04539,0.81073,0.04559,0.81197,0.0228,0.88121,0.0277
glmnet_lightgbm,0.80386,0.03271,0.80718,0.04605,0.80141,0.04633,0.79981,0.04662,0.8079,0.04572,0.80379,0.02329,0.88222,0.02779
glmnet_rf,0.80455,0.03275,0.80244,0.0464,0.80745,0.0461,0.80801,0.04582,0.7997,0.04674,0.80413,0.02342,0.88189,0.02817
glmnet_xgbTree,0.81137,0.03233,0.81531,0.04547,0.8084,0.04585,0.80658,0.04619,0.81608,0.04508,0.81127,0.02292,0.88504,0.02736
